InventoryID,StoreID,ProductID,Quantity,LastUpdated
1,1,1,6,2024-04-22
2,2,1,45,2025-11-20
3,3,1,179,2024-02-07
4,4,1,148,2024-09-25
5,5,1,31,2025-04-28
6,6,1,104,2024-11-10
7,7,1,86,2024-10-29
8,8,1,107,2024-10-15
9,9,1,191,2025-04-06
10,10,1,111,2024-08-21
11,1,2,190,2025-11-22
12,2,2,137,2024-10-23
13,3,2,167,2025-12-07
14,4,2,160,2025-01-14
15,5,2,187,2024-08-10
16,6,2,55,2024-01-28
17,7,2,85,2024-10-24
18,8,2,129,2024-07-29
19,9,2,33,2024-06-27
20,10,2,169,2025-11-04
21,1,3,33,2025-01-01
22,2,3,27,2025-03-30
23,3,3,138,2024-08-23
24,4,3,97,2025-12-01
25,5,3,35,2025-07-15
26,6,3,65,2024-10-28
27,7,3,103,2025-07-19
28,8,3,68,2025-08-23
29,9,3,147,2024-07-30
30,10,3,76,2025-03-14
31,1,4,134,2024-03-07
32,2,4,65,2025-06-29
33,3,4,54,2025-06-04
34,4,4,87,2024-02-23
35,5,4,2,2024-11-20
36,6,4,96,2024-04-08
37,7,4,132,2025-11-18
38,8,4,79,2024-02-17
39,9,4,107,2025-10-18
40,10,4,117,2025-01-24
41,1,5,86,2024-12-06
42,2,5,116,2025-03-17
43,3,5,139,2024-05-22
44,4,5,176,2024-08-31
45,5,5,151,2025-02-03
46,6,5,200,2024-08-04
47,7,5,175,2025-04-07
48,8,5,118,2025-12-12
49,9,5,155,2024-05-15
50,10,5,20,2025-06-13
51,1,6,103,2025-05-15
52,2,6,66,2024-08-31
53,3,6,56,2024-05-09
54,4,6,93,2024-04-10
55,5,6,53,2024-03-18
56,6,6,187,2025-12-15
57,7,6,80,2025-06-15
58,8,6,6,2024-02-20
59,9,6,83,2024-11-14
60,10,6,193,2024-02-05
61,1,7,180,2025-08-15
62,2,7,186,2025-02-14
63,3,7,154,2024-02-10
64,4,7,50,2025-06-03
65,5,7,17,2025-11-03
66,6,7,197,2024-03-20
67,7,7,38,2024-09-02
68,8,7,93,2024-07-15
69,9,7,187,2025-08-30
70,10,7,44,2024-11-13
71,1,8,2,2025-01-04
72,2,8,138,2024-03-01
73,3,8,69,2025-07-05
74,4,8,120,2024-02-27
75,5,8,109,2025-10-08
76,6,8,23,2025-08-05
77,7,8,126,2024-11-08
78,8,8,31,2025-12-27
79,9,8,146,2024-05-08
80,10,8,0,2024-05-12
81,1,9,42,2024-02-11
82,2,9,1,2024-05-24
83,3,9,27,2025-11-15
84,4,9,141,2025-10-21
85,5,9,18,2024-09-05
86,6,9,169,2025-11-09
87,7,9,131,2025-04-25
88,8,9,81,2024-05-09
89,9,9,69,2024-12-16
90,10,9,136,2025-09-05
91,1,10,34,2024-05-29
92,2,10,174,2025-12-16
93,3,10,41,2024-10-25
94,4,10,67,2025-07-22
95,5,10,54,2025-04-08
96,6,10,142,2024-12-23
97,7,10,50,2025-07-01
98,8,10,69,2025-05-28
99,9,10,151,2024-03-13
100,10,10,25,2025-10-27
101,1,11,200,2025-09-11
102,2,11,135,2024-06-13
103,3,11,27,2024-11-27
104,4,11,27,2025-10-10
105,5,11,120,2024-11-01
106,6,11,158,2024-05-26
107,7,11,25,2025-06-11
108,8,11,56,2024-07-10
109,9,11,160,2025-11-20
110,10,11,178,2025-11-23
111,1,12,46,2025-06-28
112,2,12,95,2025-12-02
113,3,12,99,2024-01-01
114,4,12,59,2024-11-04
115,5,12,104,2025-01-06
116,6,12,69,2024-03-19
117,7,12,197,2024-10-29
118,8,12,199,2025-02-13
119,9,12,40,2024-03-06
120,10,12,70,2024-11-24
121,1,13,160,2024-12-17
122,2,13,122,2025-12-02
123,3,13,2,2024-07-04
124,4,13,42,2025-08-06
125,5,13,22,2025-02-21
126,6,13,7,2024-02-09
127,7,13,150,2025-08-02
128,8,13,115,2025-10-24
129,9,13,78,2025-07-13
130,10,13,98,2025-02-12
131,1,14,50,2025-08-28
132,2,14,183,2025-04-03
133,3,14,92,2024-10-13
134,4,14,176,2024-02-26
135,5,14,113,2024-06-20
136,6,14,152,2024-08-24
137,7,14,67,2025-12-25
138,8,14,95,2025-08-12
139,9,14,170,2024-05-14
140,10,14,40,2024-08-28
141,1,15,67,2024-01-25
142,2,15,184,2025-05-12
143,3,15,125,2024-01-06
144,4,15,116,2025-11-02
145,5,15,18,2024-01-22
146,6,15,81,2024-08-14
147,7,15,29,2025-06-07
148,8,15,11,2024-06-06
149,9,15,11,2025-04-12
150,10,15,87,2024-09-24
151,1,16,166,2025-04-04
152,2,16,103,2025-10-10
153,3,16,113,2024-06-24
154,4,16,121,2024-03-17
155,5,16,64,2024-05-12
156,6,16,200,2024-09-13
157,7,16,35,2024-03-01
158,8,16,105,2024-10-26
159,9,16,18,2025-04-23
160,10,16,67,2024-02-25
161,1,17,13,2024-07-22
162,2,17,175,2024-08-16
163,3,17,77,2025-07-12
164,4,17,128,2024-11-12
165,5,17,97,2024-07-10
166,6,17,86,2024-06-16
167,7,17,75,2025-03-24
168,8,17,104,2025-05-20
169,9,17,34,2024-09-19
170,10,17,55,2025-12-22
171,1,18,99,2025-09-10
172,2,18,114,2025-12-14
173,3,18,38,2025-06-04
174,4,18,13,2024-02-01
175,5,18,154,2025-09-04
176,6,18,134,2025-12-09
177,7,18,6,2024-11-29
178,8,18,43,2025-02-10
179,9,18,51,2024-02-02
180,10,18,95,2025-09-13
181,1,19,113,2025-10-08
182,2,19,69,2024-08-30
183,3,19,85,2024-10-29
184,4,19,107,2025-07-14
185,5,19,155,2024-02-06
186,6,19,153,2025-11-09
187,7,19,177,2025-04-29
188,8,19,149,2025-07-20
189,9,19,143,2025-10-10
190,10,19,54,2024-02-14
191,1,20,77,2025-01-27
192,2,20,23,2025-12-27
193,3,20,125,2025-08-07
194,4,20,27,2025-04-19
195,5,20,84,2024-06-27
196,6,20,135,2025-07-17
197,7,20,120,2025-11-05
198,8,20,139,2024-07-24
199,9,20,178,2024-12-30
200,10,20,153,2024-08-12
201,1,21,27,2025-09-26
202,2,21,156,2025-10-24
203,3,21,129,2024-05-10
204,4,21,57,2024-10-12
205,5,21,194,2024-12-07
206,6,21,177,2025-04-05
207,7,21,137,2025-09-27
208,8,21,17,2024-10-30
209,9,21,140,2025-10-14
210,10,21,154,2024-12-29
211,1,22,65,2024-03-28
212,2,22,96,2024-06-27
213,3,22,71,2024-06-20
214,4,22,115,2024-06-26
215,5,22,141,2024-08-02
216,6,22,68,2025-12-28
217,7,22,108,2025-08-31
218,8,22,38,2024-02-09
219,9,22,73,2025-12-14
220,10,22,81,2025-07-06
221,1,23,96,2025-12-17
222,2,23,108,2025-04-16
223,3,23,38,2025-04-19
224,4,23,178,2024-02-12
225,5,23,34,2024-04-20
226,6,23,4,2024-12-03
227,7,23,137,2024-10-08
228,8,23,111,2024-11-16
229,9,23,110,2025-06-24
230,10,23,50,2024-02-12
231,1,24,58,2025-01-06
232,2,24,104,2024-07-02
233,3,24,140,2024-09-02
234,4,24,200,2024-05-11
235,5,24,19,2024-09-21
236,6,24,188,2024-02-15
237,7,24,23,2024-03-17
238,8,24,37,2024-12-12
239,9,24,13,2024-12-09
240,10,24,163,2025-07-11
241,1,25,188,2024-03-24
242,2,25,193,2025-01-27
243,3,25,40,2024-06-26
244,4,25,56,2025-10-17
245,5,25,3,2024-02-16
246,6,25,13,2024-04-15
247,7,25,187,2025-12-19
248,8,25,124,2025-06-24
249,9,25,97,2024-08-14
250,10,25,95,2024-09-12
251,1,26,113,2024-11-12
252,2,26,198,2024-07-27
253,3,26,42,2025-03-10
254,4,26,35,2024-10-22
255,5,26,172,2024-12-11
256,6,26,25,2025-01-10
257,7,26,139,2024-04-22
258,8,26,15,2025-06-15
259,9,26,172,2024-02-25
260,10,26,46,2024-06-29
261,1,27,108,2025-05-16
262,2,27,39,2024-10-17
263,3,27,183,2024-05-12
264,4,27,152,2025-12-24
265,5,27,135,2025-07-02
266,6,27,90,2025-06-22
267,7,27,4,2024-08-01
268,8,27,111,2025-04-22
269,9,27,82,2024-02-09
270,10,27,172,2024-04-20
271,1,28,69,2024-07-24
272,2,28,88,2024-06-14
273,3,28,23,2025-11-16
274,4,28,41,2025-06-23
275,5,28,52,2025-02-13
276,6,28,58,2025-09-16
277,7,28,23,2024-11-29
278,8,28,181,2025-08-14
279,9,28,131,2024-01-27
280,10,28,182,2025-08-31
281,1,29,159,2025-06-07
282,2,29,145,2024-10-08
283,3,29,59,2024-04-01
284,4,29,51,2025-02-06
285,5,29,3,2024-07-13
286,6,29,16,2024-02-22
287,7,29,164,2024-01-22
288,8,29,92,2025-07-13
289,9,29,198,2024-11-14
290,10,29,183,2025-10-07
291,1,30,16,2025-12-07
292,2,30,6,2024-12-09
293,3,30,180,2024-10-19
294,4,30,120,2024-06-23
295,5,30,83,2025-01-13
296,6,30,132,2025-11-17
297,7,30,37,2024-11-02
298,8,30,84,2024-04-12
299,9,30,0,2024-11-26
300,10,30,153,2024-03-08
301,1,31,176,2024-07-13
302,2,31,79,2024-03-01
303,3,31,147,2025-01-21
304,4,31,181,2025-09-12
305,5,31,3,2024-12-27
306,6,31,194,2024-09-12
307,7,31,172,2025-04-28
308,8,31,24,2025-01-26
309,9,31,196,2024-05-01
310,10,31,160,2024-10-25
311,1,32,151,2025-09-07
312,2,32,139,2025-05-09
313,3,32,72,2024-04-21
314,4,32,49,2024-06-06
315,5,32,39,2024-05-19
316,6,32,179,2024-10-01
317,7,32,103,2024-11-13
318,8,32,184,2024-12-08
319,9,32,48,2025-03-03
320,10,32,85,2024-03-25
321,1,33,43,2024-11-18
322,2,33,132,2024-03-11
323,3,33,115,2024-03-22
324,4,33,181,2025-08-08
325,5,33,120,2025-11-30
326,6,33,153,2024-10-13
327,7,33,19,2025-01-24
328,8,33,197,2024-04-16
329,9,33,78,2024-07-12
330,10,33,65,2024-06-29
331,1,34,121,2024-07-17
332,2,34,37,2024-12-29
333,3,34,137,2024-12-10
334,4,34,189,2025-09-22
335,5,34,36,2025-06-28
336,6,34,113,2024-11-01
337,7,34,56,2025-08-12
338,8,34,194,2025-07-19
339,9,34,30,2024-07-16
340,10,34,174,2025-06-22
341,1,35,46,2025-01-27
342,2,35,132,2025-06-28
343,3,35,133,2024-10-20
344,4,35,190,2024-04-08
345,5,35,3,2025-12-08
346,6,35,65,2024-09-25
347,7,35,166,2025-01-06
348,8,35,21,2024-07-09
349,9,35,179,2024-10-03
350,10,35,30,2025-06-25
351,1,36,61,2025-02-28
352,2,36,119,2025-10-10
353,3,36,82,2025-08-06
354,4,36,90,2024-08-11
355,5,36,12,2024-07-02
356,6,36,70,2025-11-24
357,7,36,105,2024-10-14
358,8,36,31,2025-02-05
359,9,36,75,2025-12-21
360,10,36,92,2025-12-16
361,1,37,129,2024-10-26
362,2,37,129,2024-10-24
363,3,37,87,2025-02-05
364,4,37,68,2025-06-02
365,5,37,17,2024-05-05
366,6,37,195,2025-09-05
367,7,37,5,2024-10-12
368,8,37,182,2025-04-10
369,9,37,200,2024-09-14
370,10,37,189,2025-06-05
371,1,38,4,2025-05-22
372,2,38,55,2025-09-16
373,3,38,20,2024-02-22
374,4,38,81,2024-06-21
375,5,38,13,2024-12-17
376,6,38,9,2024-05-28
377,7,38,136,2025-04-19
378,8,38,153,2025-08-26
379,9,38,41,2024-08-13
380,10,38,80,2025-10-24
381,1,39,74,2024-09-04
382,2,39,181,2025-06-20
383,3,39,190,2025-08-16
384,4,39,51,2024-10-15
385,5,39,18,2025-08-06
386,6,39,67,2024-09-19
387,7,39,64,2024-01-20
388,8,39,5,2025-10-27
389,9,39,18,2025-12-07
390,10,39,63,2024-04-17
391,1,40,128,2024-09-14
392,2,40,65,2025-11-22
393,3,40,126,2024-07-03
394,4,40,73,2024-06-10
395,5,40,156,2024-03-29
396,6,40,47,2025-11-02
397,7,40,150,2025-04-17
398,8,40,113,2025-10-02
399,9,40,71,2024-01-01
400,10,40,67,2025-07-19
401,1,41,173,2025-02-03
402,2,41,80,2025-11-03
403,3,41,32,2025-03-17
404,4,41,151,2025-09-07
405,5,41,115,2025-02-16
406,6,41,119,2024-07-23
407,7,41,71,2025-04-18
408,8,41,15,2025-05-20
409,9,41,130,2024-10-17
410,10,41,103,2025-03-28
411,1,42,143,2024-12-08
412,2,42,167,2024-10-13
413,3,42,98,2025-10-10
414,4,42,193,2025-02-15
415,5,42,183,2025-06-07
416,6,42,106,2024-02-02
417,7,42,198,2024-06-26
418,8,42,84,2024-07-20
419,9,42,180,2025-08-02
420,10,42,118,2025-12-19
421,1,43,140,2025-09-13
422,2,43,168,2025-04-29
423,3,43,92,2025-09-21
424,4,43,40,2025-02-26
425,5,43,127,2024-02-07
426,6,43,168,2024-03-28
427,7,43,84,2024-12-28
428,8,43,0,2025-11-29
429,9,43,6,2025-04-25
430,10,43,172,2025-07-18
431,1,44,132,2024-12-15
432,2,44,105,2024-09-23
433,3,44,106,2025-03-30
434,4,44,95,2024-08-13
435,5,44,160,2024-07-09
436,6,44,138,2024-09-15
437,7,44,39,2024-06-18
438,8,44,66,2025-07-16
439,9,44,83,2024-06-19
440,10,44,185,2025-01-09
441,1,45,73,2024-02-02
442,2,45,109,2025-03-26
443,3,45,127,2025-04-06
444,4,45,80,2025-08-08
445,5,45,146,2025-07-21
446,6,45,8,2024-09-27
447,7,45,60,2024-05-01
448,8,45,82,2025-06-16
449,9,45,41,2024-01-25
450,10,45,152,2025-06-04
451,1,46,138,2024-10-26
452,2,46,77,2025-02-17
453,3,46,91,2024-02-16
454,4,46,199,2025-04-02
455,5,46,38,2025-03-25
456,6,46,20,2025-09-13
457,7,46,166,2024-01-12
458,8,46,8,2024-01-18
459,9,46,60,2025-01-10
460,10,46,54,2024-12-12
461,1,47,145,2024-03-06
462,2,47,123,2025-10-05
463,3,47,72,2025-02-12
464,4,47,136,2025-12-10
465,5,47,72,2024-05-29
466,6,47,117,2024-07-25
467,7,47,29,2025-11-07
468,8,47,38,2024-05-25
469,9,47,17,2025-02-26
470,10,47,10,2024-11-05
471,1,48,147,2024-10-01
472,2,48,24,2025-02-09
473,3,48,182,2024-02-26
474,4,48,25,2024-09-02
475,5,48,110,2024-05-16
476,6,48,95,2024-11-03
477,7,48,139,2024-07-18
478,8,48,98,2024-03-16
479,9,48,179,2025-04-29
480,10,48,64,2025-09-21
481,1,49,124,2024-11-06
482,2,49,174,2024-08-19
483,3,49,75,2025-11-06
484,4,49,10,2024-05-17
485,5,49,112,2024-11-27
486,6,49,39,2024-06-01
487,7,49,25,2024-08-05
488,8,49,138,2024-09-08
489,9,49,183,2024-03-01
490,10,49,113,2025-03-13
491,1,50,81,2025-08-21
492,2,50,155,2025-11-07
493,3,50,150,2025-09-28
494,4,50,80,2024-02-08
495,5,50,177,2024-02-16
496,6,50,39,2025-06-25
497,7,50,116,2024-09-14
498,8,50,80,2025-02-07
499,9,50,125,2024-06-30
500,10,50,95,2025-09-16
501,1,51,5,2024-06-20
502,2,51,79,2024-11-23
503,3,51,149,2024-09-08
504,4,51,9,2025-07-19
505,5,51,163,2025-03-28
506,6,51,187,2024-08-29
507,7,51,106,2025-03-26
508,8,51,130,2024-08-23
509,9,51,93,2024-07-05
510,10,51,151,2024-12-23
511,1,52,114,2025-06-01
512,2,52,137,2024-08-27
513,3,52,96,2024-12-06
514,4,52,159,2025-03-03
515,5,52,198,2024-09-08
516,6,52,145,2025-03-26
517,7,52,185,2025-09-02
518,8,52,112,2025-06-23
519,9,52,135,2024-09-02
520,10,52,196,2025-03-29
521,1,53,79,2024-04-06
522,2,53,178,2024-09-30
523,3,53,162,2025-04-19
524,4,53,174,2025-10-30
525,5,53,81,2025-06-10
526,6,53,59,2025-06-09
527,7,53,92,2025-09-18
528,8,53,14,2025-05-09
529,9,53,70,2025-07-22
530,10,53,52,2025-04-13
531,1,54,59,2024-04-08
532,2,54,198,2024-08-13
533,3,54,97,2025-09-11
534,4,54,151,2025-07-18
535,5,54,200,2025-09-07
536,6,54,41,2024-04-18
537,7,54,68,2024-03-05
538,8,54,46,2025-03-07
539,9,54,113,2024-12-13
540,10,54,112,2024-04-27
541,1,55,91,2025-08-14
542,2,55,80,2025-02-09
543,3,55,144,2024-05-11
544,4,55,39,2024-12-27
545,5,55,59,2024-12-13
546,6,55,50,2024-03-04
547,7,55,154,2025-08-22
548,8,55,70,2025-09-17
549,9,55,181,2024-08-05
550,10,55,6,2024-04-29
551,1,56,181,2024-06-19
552,2,56,160,2024-12-13
553,3,56,36,2025-06-27
554,4,56,135,2024-03-25
555,5,56,136,2024-04-19
556,6,56,130,2024-05-08
557,7,56,145,2025-01-22
558,8,56,70,2025-01-06
559,9,56,118,2025-01-15
560,10,56,14,2025-08-15
561,1,57,115,2025-07-27
562,2,57,56,2025-05-15
563,3,57,20,2025-03-30
564,4,57,134,2024-02-19
565,5,57,59,2025-09-10
566,6,57,103,2025-12-24
567,7,57,0,2025-01-18
568,8,57,177,2024-12-16
569,9,57,3,2025-06-30
570,10,57,106,2024-12-14
571,1,58,109,2024-07-25
572,2,58,150,2024-04-11
573,3,58,52,2025-10-24
574,4,58,56,2024-02-19
575,5,58,52,2024-05-15
576,6,58,174,2024-12-19
577,7,58,3,2024-06-17
578,8,58,176,2024-10-12
579,9,58,116,2024-09-26
580,10,58,103,2025-12-08
581,1,59,37,2024-08-12
582,2,59,91,2024-06-28
583,3,59,72,2024-06-15
584,4,59,106,2024-12-30
585,5,59,142,2025-02-17
586,6,59,24,2024-11-26
587,7,59,190,2024-03-10
588,8,59,65,2024-07-14
589,9,59,36,2024-11-05
590,10,59,9,2024-12-08
591,1,60,154,2024-08-21
592,2,60,107,2025-06-21
593,3,60,116,2025-11-03
594,4,60,198,2025-06-22
595,5,60,140,2025-01-02
596,6,60,31,2024-10-24
597,7,60,29,2024-08-13
598,8,60,63,2024-04-18
599,9,60,104,2024-03-08
600,10,60,26,2024-09-07
601,1,61,23,2024-02-03
602,2,61,173,2024-04-03
603,3,61,85,2024-02-11
604,4,61,103,2024-10-29
605,5,61,98,2025-04-09
606,6,61,80,2025-06-16
607,7,61,117,2024-03-21
608,8,61,27,2025-12-26
609,9,61,83,2025-06-18
610,10,61,71,2024-07-17
611,1,62,73,2024-09-17
612,2,62,52,2025-09-12
613,3,62,109,2025-11-16
614,4,62,71,2025-09-14
615,5,62,168,2024-12-08
616,6,62,52,2025-11-03
617,7,62,28,2025-02-13
618,8,62,148,2025-09-13
619,9,62,58,2025-09-24
620,10,62,127,2025-04-10
621,1,63,60,2025-06-25
622,2,63,107,2025-11-15
623,3,63,132,2025-02-12
624,4,63,67,2024-05-04
625,5,63,190,2025-03-26
626,6,63,3,2024-05-10
627,7,63,94,2025-02-24
628,8,63,151,2024-09-06
629,9,63,149,2024-10-08
630,10,63,61,2025-01-23
631,1,64,19,2025-11-22
632,2,64,24,2024-03-26
633,3,64,174,2025-04-14
634,4,64,5,2024-04-21
635,5,64,184,2025-12-31
636,6,64,88,2025-05-29
637,7,64,150,2024-02-10
638,8,64,113,2025-07-08
639,9,64,56,2025-07-16
640,10,64,22,2024-11-15
641,1,65,74,2025-12-05
642,2,65,95,2025-03-03
643,3,65,59,2024-01-05
644,4,65,71,2025-09-30
645,5,65,145,2025-04-08
646,6,65,118,2024-09-15
647,7,65,30,2025-05-30
648,8,65,85,2024-08-11
649,9,65,21,2024-10-22
650,10,65,63,2024-10-31
651,1,66,27,2025-10-06
652,2,66,126,2024-10-08
653,3,66,21,2024-03-04
654,4,66,192,2024-01-04
655,5,66,122,2024-11-04
656,6,66,58,2025-09-23
657,7,66,82,2024-11-14
658,8,66,5,2024-11-03
659,9,66,136,2025-11-16
660,10,66,83,2024-07-23
661,1,67,106,2025-10-24
662,2,67,59,2025-05-03
663,3,67,33,2024-02-28
664,4,67,158,2024-03-17
665,5,67,72,2024-09-19
666,6,67,46,2024-11-03
667,7,67,59,2025-01-13
668,8,67,0,2025-02-05
669,9,67,152,2025-04-18
670,10,67,187,2025-01-05
671,1,68,57,2025-04-15
672,2,68,13,2025-03-12
673,3,68,163,2024-06-25
674,4,68,4,2024-05-21
675,5,68,43,2024-02-22
676,6,68,117,2025-07-05
677,7,68,12,2024-07-13
678,8,68,94,2024-11-05
679,9,68,16,2025-06-12
680,10,68,59,2025-03-03
681,1,69,169,2025-09-11
682,2,69,160,2024-03-30
683,3,69,130,2025-03-04
684,4,69,60,2025-09-26
685,5,69,189,2024-04-28
686,6,69,16,2024-11-27
687,7,69,167,2025-07-20
688,8,69,175,2024-10-21
689,9,69,25,2025-02-03
690,10,69,27,2024-03-27
691,1,70,45,2025-02-23
692,2,70,171,2024-06-12
693,3,70,127,2025-05-19
694,4,70,38,2024-09-20
695,5,70,164,2025-04-19
696,6,70,192,2024-06-02
697,7,70,49,2025-06-27
698,8,70,169,2025-08-26
699,9,70,138,2025-01-17
700,10,70,131,2024-10-25
701,1,71,40,2024-05-01
702,2,71,194,2024-01-09
703,3,71,154,2025-09-15
704,4,71,131,2024-09-03
705,5,71,29,2025-03-09
706,6,71,88,2024-09-28
707,7,71,46,2025-10-16
708,8,71,151,2024-02-05
709,9,71,125,2025-12-16
710,10,71,88,2025-08-29
711,1,72,178,2024-11-23
712,2,72,153,2024-10-26
713,3,72,5,2024-11-04
714,4,72,8,2025-03-05
715,5,72,151,2025-07-08
716,6,72,55,2024-01-21
717,7,72,116,2024-09-19
718,8,72,105,2024-04-26
719,9,72,112,2024-11-16
720,10,72,129,2025-09-01
721,1,73,29,2024-11-16
722,2,73,163,2024-03-20
723,3,73,157,2024-09-04
724,4,73,109,2024-07-02
725,5,73,26,2024-11-06
726,6,73,70,2024-04-01
727,7,73,34,2024-10-04
728,8,73,88,2025-12-15
729,9,73,2,2025-09-11
730,10,73,104,2024-06-10
731,1,74,44,2024-10-11
732,2,74,53,2025-07-10
733,3,74,154,2024-04-01
734,4,74,108,2024-07-17
735,5,74,150,2025-10-07
736,6,74,81,2025-12-14
737,7,74,20,2025-05-29
738,8,74,13,2024-07-24
739,9,74,95,2025-05-19
740,10,74,41,2024-07-23
741,1,75,199,2024-08-05
742,2,75,95,2025-02-10
743,3,75,200,2024-02-13
744,4,75,58,2025-04-24
745,5,75,15,2024-01-28
746,6,75,188,2024-10-13
747,7,75,194,2025-01-01
748,8,75,111,2024-07-28
749,9,75,17,2024-10-07
750,10,75,95,2025-08-29
751,1,76,175,2025-10-29
752,2,76,7,2025-07-08
753,3,76,44,2025-12-04
754,4,76,45,2025-05-13
755,5,76,45,2024-12-21
756,6,76,59,2025-06-09
757,7,76,143,2024-12-16
758,8,76,147,2025-12-18
759,9,76,10,2024-05-31
760,10,76,137,2025-10-28
761,1,77,184,2025-08-14
762,2,77,197,2024-05-22
763,3,77,143,2025-06-15
764,4,77,49,2024-04-09
765,5,77,25,2025-01-28
766,6,77,186,2024-04-05
767,7,77,183,2025-11-25
768,8,77,70,2024-12-24
769,9,77,30,2025-06-29
770,10,77,91,2024-09-08
771,1,78,199,2024-11-16
772,2,78,142,2024-06-25
773,3,78,99,2025-01-10
774,4,78,114,2025-01-29
775,5,78,76,2024-07-02
776,6,78,92,2024-09-04
777,7,78,142,2024-10-26
778,8,78,92,2024-06-14
779,9,78,21,2024-04-08
780,10,78,101,2025-03-08
781,1,79,29,2025-10-05
782,2,79,10,2024-10-22
783,3,79,147,2025-08-26
784,4,79,113,2024-12-24
785,5,79,159,2025-09-20
786,6,79,122,2024-04-01
787,7,79,43,2025-05-26
788,8,79,86,2024-12-06
789,9,79,60,2025-09-02
790,10,79,121,2025-07-11
791,1,80,78,2024-08-19
792,2,80,80,2024-11-23
793,3,80,66,2024-02-27
794,4,80,72,2025-04-07
795,5,80,161,2024-02-05
796,6,80,37,2024-07-02
797,7,80,106,2025-04-16
798,8,80,189,2024-07-18
799,9,80,66,2024-07-02
800,10,80,125,2025-09-02
801,1,81,36,2025-05-29
802,2,81,169,2024-09-02
803,3,81,1,2025-08-15
804,4,81,180,2025-06-08
805,5,81,4,2024-12-21
806,6,81,6,2024-07-13
807,7,81,53,2025-10-13
808,8,81,42,2025-05-04
809,9,81,139,2025-06-21
810,10,81,155,2024-04-05
811,1,82,2,2025-03-21
812,2,82,38,2025-10-23
813,3,82,167,2025-08-29
814,4,82,136,2025-06-27
815,5,82,155,2024-06-02
816,6,82,178,2024-11-29
817,7,82,163,2025-05-03
818,8,82,123,2025-03-24
819,9,82,11,2024-01-06
820,10,82,78,2024-07-17
821,1,83,44,2024-02-15
822,2,83,62,2024-01-31
823,3,83,159,2024-09-16
824,4,83,165,2025-09-08
825,5,83,30,2024-12-13
826,6,83,194,2024-05-30
827,7,83,148,2024-05-26
828,8,83,7,2024-05-20
829,9,83,48,2024-01-12
830,10,83,187,2025-01-13
831,1,84,164,2025-09-19
832,2,84,34,2025-06-22
833,3,84,46,2025-09-25
834,4,84,56,2025-09-24
835,5,84,93,2024-07-31
836,6,84,154,2025-07-12
837,7,84,36,2024-10-16
838,8,84,116,2025-05-08
839,9,84,138,2024-08-10
840,10,84,145,2024-11-02
841,1,85,174,2025-10-13
842,2,85,154,2024-08-27
843,3,85,186,2024-12-28
844,4,85,190,2025-03-02
845,5,85,179,2025-11-05
846,6,85,20,2025-12-06
847,7,85,177,2024-11-08
848,8,85,154,2024-05-20
849,9,85,61,2024-11-13
850,10,85,38,2025-03-15
851,1,86,141,2024-03-16
852,2,86,105,2025-08-31
853,3,86,88,2025-12-19
854,4,86,101,2024-04-06
855,5,86,169,2025-10-20
856,6,86,79,2025-02-14
857,7,86,82,2024-04-16
858,8,86,104,2024-07-21
859,9,86,195,2024-03-25
860,10,86,13,2024-09-15
861,1,87,59,2025-05-25
862,2,87,189,2025-11-17
863,3,87,107,2024-12-28
864,4,87,7,2024-05-20
865,5,87,110,2025-06-28
866,6,87,63,2025-11-14
867,7,87,48,2025-05-12
868,8,87,42,2024-06-27
869,9,87,54,2024-01-11
870,10,87,191,2024-07-06
871,1,88,52,2024-05-22
872,2,88,37,2024-11-10
873,3,88,62,2024-07-24
874,4,88,21,2024-02-20
875,5,88,113,2025-05-08
876,6,88,145,2025-08-20
877,7,88,192,2025-11-11
878,8,88,60,2024-02-01
879,9,88,186,2024-08-13
880,10,88,117,2024-04-24
881,1,89,73,2025-09-17
882,2,89,8,2024-12-30
883,3,89,31,2024-03-17
884,4,89,134,2025-01-02
885,5,89,74,2025-05-15
886,6,89,171,2024-11-23
887,7,89,41,2024-10-24
888,8,89,139,2024-04-29
889,9,89,102,2024-04-30
890,10,89,88,2025-08-19
891,1,90,61,2024-01-07
892,2,90,77,2025-06-24
893,3,90,149,2024-11-01
894,4,90,189,2025-02-06
895,5,90,6,2024-03-24
896,6,90,15,2024-05-09
897,7,90,157,2024-04-22
898,8,90,12,2024-09-14
899,9,90,148,2025-12-12
900,10,90,116,2024-10-30
901,1,91,64,2025-12-14
902,2,91,200,2025-12-12
903,3,91,5,2024-11-17
904,4,91,148,2024-03-08
905,5,91,125,2024-12-04
906,6,91,138,2024-04-16
907,7,91,31,2025-09-07
908,8,91,199,2024-12-29
909,9,91,117,2025-05-14
910,10,91,22,2025-08-16
911,1,92,128,2025-04-06
912,2,92,65,2025-07-22
913,3,92,32,2024-04-16
914,4,92,14,2024-01-20
915,5,92,107,2025-02-21
916,6,92,68,2025-09-16
917,7,92,50,2025-08-07
918,8,92,83,2024-03-02
919,9,92,29,2024-07-14
920,10,92,58,2024-03-22
921,1,93,182,2024-08-20
922,2,93,145,2025-06-09
923,3,93,35,2024-07-01
924,4,93,85,2024-09-17
925,5,93,179,2024-04-02
926,6,93,97,2025-09-16
927,7,93,54,2024-07-19
928,8,93,116,2024-03-19
929,9,93,0,2025-09-25
930,10,93,95,2025-10-25
931,1,94,160,2024-02-04
932,2,94,71,2024-06-14
933,3,94,58,2025-07-26
934,4,94,72,2024-04-21
935,5,94,181,2025-03-14
936,6,94,148,2024-07-20
937,7,94,149,2025-08-16
938,8,94,101,2025-07-21
939,9,94,190,2024-12-28
940,10,94,28,2024-09-17
941,1,95,125,2025-05-19
942,2,95,36,2025-05-15
943,3,95,142,2025-05-01
944,4,95,48,2024-09-16
945,5,95,101,2025-07-06
946,6,95,42,2025-03-07
947,7,95,139,2024-10-19
948,8,95,186,2024-05-26
949,9,95,85,2024-12-12
950,10,95,193,2025-08-22
951,1,96,46,2024-02-28
952,2,96,86,2024-07-10
953,3,96,61,2024-11-27
954,4,96,126,2024-06-07
955,5,96,81,2025-08-31
956,6,96,176,2024-09-06
957,7,96,180,2024-08-14
958,8,96,83,2024-08-31
959,9,96,69,2024-03-26
960,10,96,171,2024-05-24
961,1,97,187,2024-01-19
962,2,97,87,2024-03-10
963,3,97,180,2024-06-14
964,4,97,194,2024-10-21
965,5,97,36,2025-04-13
966,6,97,111,2025-06-30
967,7,97,131,2024-02-14
968,8,97,173,2024-01-18
969,9,97,82,2025-02-03
970,10,97,108,2024-08-21
971,1,98,37,2025-12-23
972,2,98,102,2025-08-02
973,3,98,163,2025-04-02
974,4,98,99,2024-05-15
975,5,98,180,2025-03-26
976,6,98,200,2025-08-26
977,7,98,114,2025-03-20
978,8,98,7,2024-10-11
979,9,98,59,2024-03-08
980,10,98,79,2025-10-18
981,1,99,58,2025-11-26
982,2,99,44,2024-09-22
983,3,99,76,2025-11-21
984,4,99,154,2025-05-21
985,5,99,68,2025-06-09
986,6,99,162,2024-11-19
987,7,99,84,2025-07-16
988,8,99,94,2025-05-24
989,9,99,163,2025-06-25
990,10,99,149,2025-12-01
991,1,100,144,2025-01-02
992,2,100,145,2024-04-13
993,3,100,67,2024-12-18
994,4,100,171,2024-07-22
995,5,100,157,2024-12-12
996,6,100,126,2024-12-02
997,7,100,80,2024-10-07
998,8,100,181,2025-05-24
999,9,100,137,2025-03-30
1000,10,100,91,2024-05-05
1001,1,101,111,2025-03-16
1002,2,101,32,2025-07-13
1003,3,101,60,2025-11-30
1004,4,101,96,2025-10-08
1005,5,101,194,2025-12-22
1006,6,101,120,2024-05-26
1007,7,101,2,2025-06-21
1008,8,101,111,2024-04-22
1009,9,101,122,2025-07-15
1010,10,101,64,2025-02-17
1011,1,102,136,2024-11-06
1012,2,102,100,2024-12-18
1013,3,102,85,2025-02-03
1014,4,102,158,2025-08-11
1015,5,102,60,2024-09-04
1016,6,102,198,2025-07-26
1017,7,102,146,2025-08-10
1018,8,102,18,2025-03-13
1019,9,102,176,2024-07-01
1020,10,102,154,2025-02-25
1021,1,103,32,2024-08-14
1022,2,103,139,2024-10-22
1023,3,103,115,2024-06-18
1024,4,103,27,2024-07-30
1025,5,103,171,2024-03-27
1026,6,103,184,2025-08-17
1027,7,103,191,2025-12-13
1028,8,103,129,2024-04-16
1029,9,103,155,2024-05-18
1030,10,103,34,2025-04-15
1031,1,104,103,2025-09-25
1032,2,104,156,2024-09-12
1033,3,104,47,2025-01-11
1034,4,104,45,2024-04-12
1035,5,104,9,2025-03-22
1036,6,104,4,2024-05-20
1037,7,104,13,2024-07-13
1038,8,104,58,2025-10-13
1039,9,104,74,2025-12-26
1040,10,104,179,2024-01-24
1041,1,105,66,2025-07-10
1042,2,105,115,2024-07-05
1043,3,105,65,2024-02-08
1044,4,105,103,2024-08-01
1045,5,105,152,2024-10-15
1046,6,105,55,2025-06-26
1047,7,105,35,2024-05-28
1048,8,105,93,2025-09-21
1049,9,105,56,2025-01-08
1050,10,105,75,2025-07-23
1051,1,106,34,2025-08-28
1052,2,106,67,2024-03-26
1053,3,106,182,2025-06-14
1054,4,106,127,2025-01-26
1055,5,106,64,2024-12-13
1056,6,106,138,2025-02-17
1057,7,106,86,2024-11-03
1058,8,106,106,2024-04-20
1059,9,106,17,2025-11-09
1060,10,106,194,2024-01-29
1061,1,107,110,2024-07-22
1062,2,107,2,2025-10-23
1063,3,107,59,2024-02-07
1064,4,107,42,2025-04-16
1065,5,107,47,2024-06-27
1066,6,107,183,2024-03-22
1067,7,107,105,2025-04-07
1068,8,107,134,2024-05-13
1069,9,107,81,2024-08-29
1070,10,107,16,2025-06-13
1071,1,108,76,2025-01-01
1072,2,108,141,2025-04-30
1073,3,108,93,2025-06-30
1074,4,108,182,2025-03-20
1075,5,108,188,2024-10-08
1076,6,108,116,2024-12-09
1077,7,108,113,2024-03-27
1078,8,108,146,2024-06-12
1079,9,108,172,2025-05-29
1080,10,108,49,2025-03-21
1081,1,109,151,2024-02-11
1082,2,109,144,2024-11-09
1083,3,109,21,2024-06-08
1084,4,109,104,2024-03-23
1085,5,109,174,2025-07-14
1086,6,109,33,2024-07-19
1087,7,109,128,2024-03-05
1088,8,109,8,2024-09-16
1089,9,109,11,2025-06-08
1090,10,109,189,2025-10-27
1091,1,110,160,2025-09-12
1092,2,110,187,2024-12-08
1093,3,110,4,2024-02-13
1094,4,110,126,2024-09-05
1095,5,110,88,2024-01-14
1096,6,110,60,2024-08-16
1097,7,110,106,2025-04-20
1098,8,110,132,2024-02-14
1099,9,110,56,2025-02-16
1100,10,110,117,2024-06-18
1101,1,111,22,2024-09-26
1102,2,111,190,2024-01-11
1103,3,111,75,2025-09-11
1104,4,111,153,2024-11-10
1105,5,111,154,2025-06-17
1106,6,111,200,2025-03-29
1107,7,111,87,2025-01-23
1108,8,111,68,2024-01-18
1109,9,111,58,2025-04-20
1110,10,111,11,2025-12-21
1111,1,112,24,2025-05-27
1112,2,112,12,2024-01-28
1113,3,112,143,2025-10-11
1114,4,112,13,2025-08-27
1115,5,112,183,2024-12-14
1116,6,112,12,2025-07-01
1117,7,112,128,2025-07-24
1118,8,112,192,2025-01-05
1119,9,112,129,2024-01-04
1120,10,112,56,2025-08-23
1121,1,113,48,2024-01-22
1122,2,113,86,2024-01-12
1123,3,113,48,2024-03-07
1124,4,113,57,2025-09-12
1125,5,113,142,2024-08-31
1126,6,113,9,2024-07-26
1127,7,113,82,2025-05-28
1128,8,113,26,2025-04-10
1129,9,113,173,2024-12-14
1130,10,113,156,2024-03-04
1131,1,114,170,2024-12-31
1132,2,114,129,2025-03-27
1133,3,114,188,2024-11-07
1134,4,114,96,2025-07-11
1135,5,114,189,2025-12-28
1136,6,114,43,2024-07-27
1137,7,114,177,2024-05-01
1138,8,114,65,2025-07-29
1139,9,114,165,2024-12-22
1140,10,114,24,2025-10-16
1141,1,115,199,2025-09-05
1142,2,115,163,2024-05-14
1143,3,115,189,2024-03-06
1144,4,115,82,2025-05-20
1145,5,115,29,2024-08-18
1146,6,115,76,2024-06-05
1147,7,115,43,2024-05-13
1148,8,115,105,2024-10-12
1149,9,115,174,2025-09-23
1150,10,115,92,2024-11-18
1151,1,116,151,2024-04-03
1152,2,116,166,2024-11-18
1153,3,116,147,2025-06-16
1154,4,116,2,2025-12-06
1155,5,116,17,2024-10-24
1156,6,116,156,2024-11-25
1157,7,116,107,2024-10-13
1158,8,116,123,2025-06-01
1159,9,116,96,2025-05-31
1160,10,116,12,2025-03-13
1161,1,117,11,2024-12-23
1162,2,117,143,2024-02-08
1163,3,117,142,2024-07-04
1164,4,117,60,2025-01-23
1165,5,117,19,2025-10-11
1166,6,117,30,2025-03-26
1167,7,117,116,2025-09-25
1168,8,117,120,2025-12-20
1169,9,117,171,2025-12-12
1170,10,117,72,2025-08-07
1171,1,118,42,2025-12-06
1172,2,118,40,2024-07-30
1173,3,118,152,2024-10-08
1174,4,118,186,2025-05-04
1175,5,118,153,2024-05-06
1176,6,118,71,2024-04-28
1177,7,118,90,2025-04-13
1178,8,118,117,2024-06-03
1179,9,118,140,2024-10-16
1180,10,118,111,2025-03-31
1181,1,119,101,2025-05-26
1182,2,119,108,2024-06-12
1183,3,119,89,2025-02-10
1184,4,119,94,2025-01-27
1185,5,119,124,2024-08-24
1186,6,119,23,2024-12-12
1187,7,119,150,2024-06-21
1188,8,119,156,2025-02-27
1189,9,119,132,2025-10-20
1190,10,119,188,2024-12-11
1191,1,120,110,2024-11-24
1192,2,120,195,2025-11-07
1193,3,120,160,2024-04-25
1194,4,120,21,2025-01-30
1195,5,120,108,2024-06-07
1196,6,120,56,2024-12-20
1197,7,120,42,2025-05-04
1198,8,120,92,2024-09-21
1199,9,120,165,2024-08-20
1200,10,120,117,2024-05-13
1201,1,121,173,2025-05-29
1202,2,121,34,2025-11-27
1203,3,121,29,2024-10-05
1204,4,121,115,2025-11-17
1205,5,121,69,2025-05-23
1206,6,121,74,2024-05-02
1207,7,121,69,2024-06-24
1208,8,121,50,2024-02-11
1209,9,121,176,2025-01-13
1210,10,121,38,2024-09-05
1211,1,122,195,2025-01-16
1212,2,122,64,2024-04-04
1213,3,122,27,2024-02-06
1214,4,122,55,2025-01-27
1215,5,122,108,2025-01-13
1216,6,122,38,2025-07-25
1217,7,122,164,2024-05-10
1218,8,122,97,2024-04-11
1219,9,122,35,2024-01-18
1220,10,122,94,2025-09-29
1221,1,123,200,2025-12-10
1222,2,123,12,2024-04-27
1223,3,123,108,2025-03-26
1224,4,123,62,2025-08-11
1225,5,123,150,2025-04-17
1226,6,123,159,2024-12-29
1227,7,123,45,2025-04-14
1228,8,123,50,2025-01-03
1229,9,123,85,2024-07-30
1230,10,123,6,2025-06-28
1231,1,124,157,2025-04-12
1232,2,124,144,2024-04-16
1233,3,124,167,2025-04-20
1234,4,124,101,2025-03-17
1235,5,124,176,2024-09-08
1236,6,124,29,2024-01-31
1237,7,124,187,2024-07-25
1238,8,124,130,2025-08-07
1239,9,124,144,2025-04-20
1240,10,124,21,2024-03-07
1241,1,125,89,2025-11-16
1242,2,125,104,2024-08-10
1243,3,125,64,2024-01-31
1244,4,125,0,2024-12-11
1245,5,125,31,2025-07-18
1246,6,125,132,2024-02-02
1247,7,125,8,2025-07-14
1248,8,125,151,2024-11-24
1249,9,125,44,2025-10-22
1250,10,125,72,2024-07-06
1251,1,126,192,2024-06-07
1252,2,126,139,2024-02-19
1253,3,126,5,2025-04-29
1254,4,126,3,2025-06-02
1255,5,126,16,2024-08-24
1256,6,126,116,2025-01-20
1257,7,126,97,2025-08-07
1258,8,126,24,2024-08-03
1259,9,126,68,2024-12-10
1260,10,126,21,2025-10-04
1261,1,127,185,2024-11-12
1262,2,127,179,2025-12-26
1263,3,127,13,2025-07-07
1264,4,127,39,2024-06-17
1265,5,127,123,2025-12-29
1266,6,127,30,2024-09-20
1267,7,127,150,2024-12-24
1268,8,127,80,2025-05-25
1269,9,127,161,2025-10-27
1270,10,127,158,2025-12-02
1271,1,128,111,2024-04-09
1272,2,128,168,2025-10-19
1273,3,128,59,2025-01-31
1274,4,128,38,2024-10-22
1275,5,128,92,2024-06-06
1276,6,128,62,2024-05-25
1277,7,128,63,2024-12-02
1278,8,128,174,2025-02-25
1279,9,128,160,2025-04-04
1280,10,128,0,2024-09-24
1281,1,129,85,2024-04-25
1282,2,129,171,2025-03-01
1283,3,129,22,2024-08-28
1284,4,129,27,2025-10-09
1285,5,129,39,2024-01-24
1286,6,129,154,2024-06-10
1287,7,129,39,2024-06-12
1288,8,129,124,2025-11-27
1289,9,129,46,2025-11-13
1290,10,129,44,2025-05-02
1291,1,130,184,2025-05-12
1292,2,130,182,2025-07-18
1293,3,130,140,2025-07-04
1294,4,130,60,2024-06-07
1295,5,130,85,2025-02-13
1296,6,130,31,2025-07-05
1297,7,130,28,2025-12-11
1298,8,130,155,2024-04-15
1299,9,130,58,2024-02-23
1300,10,130,193,2024-03-25
1301,1,131,146,2025-11-05
1302,2,131,41,2025-11-19
1303,3,131,28,2024-07-29
1304,4,131,134,2024-11-20
1305,5,131,106,2025-11-08
1306,6,131,193,2024-04-25
1307,7,131,175,2024-08-16
1308,8,131,16,2025-12-04
1309,9,131,100,2024-11-01
1310,10,131,184,2024-03-14
1311,1,132,197,2025-02-01
1312,2,132,99,2025-05-27
1313,3,132,142,2025-06-20
1314,4,132,89,2024-03-19
1315,5,132,126,2025-03-26
1316,6,132,0,2024-12-22
1317,7,132,111,2024-09-08
1318,8,132,98,2025-02-08
1319,9,132,98,2025-02-02
1320,10,132,23,2025-05-06
1321,1,133,91,2025-10-23
1322,2,133,16,2025-08-23
1323,3,133,108,2025-04-03
1324,4,133,77,2024-08-29
1325,5,133,184,2024-04-21
1326,6,133,88,2024-09-08
1327,7,133,124,2025-07-12
1328,8,133,55,2025-09-13
1329,9,133,130,2024-12-29
1330,10,133,119,2025-01-09
1331,1,134,177,2024-08-18
1332,2,134,128,2024-04-09
1333,3,134,31,2024-01-20
1334,4,134,194,2024-10-19
1335,5,134,88,2025-08-29
1336,6,134,91,2024-10-03
1337,7,134,40,2025-10-18
1338,8,134,27,2024-09-17
1339,9,134,36,2024-06-07
1340,10,134,76,2024-04-11
1341,1,135,50,2025-04-05
1342,2,135,53,2024-01-23
1343,3,135,198,2024-10-03
1344,4,135,69,2025-06-11
1345,5,135,28,2024-09-26
1346,6,135,192,2024-11-27
1347,7,135,74,2025-01-06
1348,8,135,12,2025-01-02
1349,9,135,11,2025-06-03
1350,10,135,66,2025-11-25
1351,1,136,189,2025-08-23
1352,2,136,134,2024-08-13
1353,3,136,8,2024-02-01
1354,4,136,58,2025-12-06
1355,5,136,26,2024-11-13
1356,6,136,60,2025-01-28
1357,7,136,141,2025-04-07
1358,8,136,11,2024-07-12
1359,9,136,175,2025-09-09
1360,10,136,38,2025-10-11
1361,1,137,186,2024-04-21
1362,2,137,17,2024-04-30
1363,3,137,57,2024-08-01
1364,4,137,133,2024-03-25
1365,5,137,152,2024-08-23
1366,6,137,69,2025-12-27
1367,7,137,170,2025-10-26
1368,8,137,19,2024-02-18
1369,9,137,61,2025-05-16
1370,10,137,38,2024-07-19
1371,1,138,120,2024-12-11
1372,2,138,148,2024-05-09
1373,3,138,53,2024-04-04
1374,4,138,67,2024-01-31
1375,5,138,135,2025-03-31
1376,6,138,49,2024-03-18
1377,7,138,152,2025-10-29
1378,8,138,74,2024-12-27
1379,9,138,161,2025-03-12
1380,10,138,124,2024-04-29
1381,1,139,54,2024-09-10
1382,2,139,76,2024-05-06
1383,3,139,99,2024-06-19
1384,4,139,144,2025-05-23
1385,5,139,198,2025-12-30
1386,6,139,187,2024-02-15
1387,7,139,157,2025-05-21
1388,8,139,35,2024-03-17
1389,9,139,119,2025-03-29
1390,10,139,111,2025-01-12
1391,1,140,44,2025-05-03
1392,2,140,133,2024-08-14
1393,3,140,174,2025-07-27
1394,4,140,76,2025-12-11
1395,5,140,134,2025-03-25
1396,6,140,3,2025-09-07
1397,7,140,66,2024-04-16
1398,8,140,132,2025-01-20
1399,9,140,138,2024-10-24
1400,10,140,89,2024-02-08
1401,1,141,166,2025-11-10
1402,2,141,119,2025-01-12
1403,3,141,170,2024-11-03
1404,4,141,194,2024-02-11
1405,5,141,71,2024-03-10
1406,6,141,3,2025-01-29
1407,7,141,10,2024-09-13
1408,8,141,154,2024-04-22
1409,9,141,51,2025-04-24
1410,10,141,195,2025-08-01
1411,1,142,87,2025-12-08
1412,2,142,86,2025-06-19
1413,3,142,199,2025-11-08
1414,4,142,101,2025-12-20
1415,5,142,30,2025-03-19
1416,6,142,175,2024-05-23
1417,7,142,104,2025-05-29
1418,8,142,147,2025-03-22
1419,9,142,131,2024-01-10
1420,10,142,163,2025-11-12
1421,1,143,129,2024-10-23
1422,2,143,81,2024-01-22
1423,3,143,34,2024-01-01
1424,4,143,10,2024-06-26
1425,5,143,144,2024-08-13
1426,6,143,194,2024-11-07
1427,7,143,84,2024-08-09
1428,8,143,22,2024-04-23
1429,9,143,165,2024-09-15
1430,10,143,103,2025-10-20
1431,1,144,82,2024-01-31
1432,2,144,83,2024-10-21
1433,3,144,23,2025-04-11
1434,4,144,18,2024-02-22
1435,5,144,180,2024-09-20
1436,6,144,196,2025-05-03
1437,7,144,1,2025-11-16
1438,8,144,71,2025-03-03
1439,9,144,46,2024-08-13
1440,10,144,26,2025-06-21
1441,1,145,173,2025-12-08
1442,2,145,113,2024-09-18
1443,3,145,27,2025-10-05
1444,4,145,109,2025-01-18
1445,5,145,82,2024-06-20
1446,6,145,95,2025-10-24
1447,7,145,199,2025-08-29
1448,8,145,93,2024-12-01
1449,9,145,77,2025-06-03
1450,10,145,192,2025-04-18
1451,1,146,29,2024-10-22
1452,2,146,188,2025-05-03
1453,3,146,179,2024-10-18
1454,4,146,82,2024-10-07
1455,5,146,191,2025-10-05
1456,6,146,15,2025-09-23
1457,7,146,14,2024-11-03
1458,8,146,189,2024-01-01
1459,9,146,55,2025-04-24
1460,10,146,93,2024-08-26
1461,1,147,194,2024-06-19
1462,2,147,86,2025-02-25
1463,3,147,144,2025-10-08
1464,4,147,169,2024-06-15
1465,5,147,43,2025-10-16
1466,6,147,160,2025-03-04
1467,7,147,180,2024-09-27
1468,8,147,185,2025-12-16
1469,9,147,48,2024-10-18
1470,10,147,114,2024-12-19
1471,1,148,40,2025-05-05
1472,2,148,35,2025-06-19
1473,3,148,13,2024-10-02
1474,4,148,114,2025-04-22
1475,5,148,90,2024-10-09
1476,6,148,31,2025-04-23
1477,7,148,135,2025-01-18
1478,8,148,3,2025-05-27
1479,9,148,27,2024-12-19
1480,10,148,176,2024-09-29
1481,1,149,140,2025-09-27
1482,2,149,21,2024-09-28
1483,3,149,4,2025-10-25
1484,4,149,57,2024-11-06
1485,5,149,95,2024-01-07
1486,6,149,157,2025-02-07
1487,7,149,45,2025-05-30
1488,8,149,62,2025-03-02
1489,9,149,127,2024-10-30
1490,10,149,97,2025-09-22
1491,1,150,89,2024-05-05
1492,2,150,58,2024-07-07
1493,3,150,77,2025-07-26
1494,4,150,193,2024-01-14
1495,5,150,83,2025-06-27
1496,6,150,25,2024-06-25
1497,7,150,89,2025-06-12
1498,8,150,190,2024-02-28
1499,9,150,31,2025-06-07
1500,10,150,60,2025-03-12
1501,1,151,155,2024-12-30
1502,2,151,71,2024-08-02
1503,3,151,142,2024-08-06
1504,4,151,101,2024-04-14
1505,5,151,149,2025-01-07
1506,6,151,5,2025-03-28
1507,7,151,114,2025-02-25
1508,8,151,32,2024-04-23
1509,9,151,75,2025-06-22
1510,10,151,20,2025-09-06
1511,1,152,183,2024-03-15
1512,2,152,74,2025-09-19
1513,3,152,61,2025-04-06
1514,4,152,98,2025-05-03
1515,5,152,133,2024-11-13
1516,6,152,155,2025-05-20
1517,7,152,52,2025-03-13
1518,8,152,134,2024-07-12
1519,9,152,15,2025-03-21
1520,10,152,195,2024-01-11
1521,1,153,7,2024-05-11
1522,2,153,188,2024-02-04
1523,3,153,15,2025-10-23
1524,4,153,82,2025-11-12
1525,5,153,54,2025-07-02
1526,6,153,162,2024-12-20
1527,7,153,8,2024-01-24
1528,8,153,100,2025-02-07
1529,9,153,64,2025-01-26
1530,10,153,190,2025-09-23
1531,1,154,113,2024-06-16
1532,2,154,48,2024-02-23
1533,3,154,139,2024-01-12
1534,4,154,23,2024-06-07
1535,5,154,68,2024-09-19
1536,6,154,58,2024-07-11
1537,7,154,2,2024-04-06
1538,8,154,184,2024-11-10
1539,9,154,47,2025-02-25
1540,10,154,63,2025-04-05
1541,1,155,55,2025-05-01
1542,2,155,154,2025-04-12
1543,3,155,55,2025-07-29
1544,4,155,152,2025-05-08
1545,5,155,54,2025-10-09
1546,6,155,87,2025-11-17
1547,7,155,62,2024-08-18
1548,8,155,57,2025-11-22
1549,9,155,16,2024-04-21
1550,10,155,91,2025-02-02
1551,1,156,53,2024-07-08
1552,2,156,15,2025-09-30
1553,3,156,75,2025-03-25
1554,4,156,36,2025-01-31
1555,5,156,54,2025-07-07
1556,6,156,170,2025-08-27
1557,7,156,177,2025-11-21
1558,8,156,20,2024-02-05
1559,9,156,93,2025-10-16
1560,10,156,0,2025-10-03
1561,1,157,128,2024-06-26
1562,2,157,58,2025-08-19
1563,3,157,40,2025-03-04
1564,4,157,94,2025-03-24
1565,5,157,99,2024-05-10
1566,6,157,177,2024-06-23
1567,7,157,17,2024-12-09
1568,8,157,126,2024-11-17
1569,9,157,85,2024-04-02
1570,10,157,114,2025-07-27
1571,1,158,34,2024-10-27
1572,2,158,32,2024-04-14
1573,3,158,163,2024-06-03
1574,4,158,104,2024-12-01
1575,5,158,115,2024-07-11
1576,6,158,131,2024-03-28
1577,7,158,136,2024-09-13
1578,8,158,127,2024-07-30
1579,9,158,129,2025-02-19
1580,10,158,141,2024-04-10
1581,1,159,15,2025-02-07
1582,2,159,115,2025-08-24
1583,3,159,200,2024-04-20
1584,4,159,151,2024-11-17
1585,5,159,142,2024-09-14
1586,6,159,198,2024-05-25
1587,7,159,197,2024-07-12
1588,8,159,81,2025-05-24
1589,9,159,191,2024-10-02
1590,10,159,200,2024-10-31
1591,1,160,144,2024-02-25
1592,2,160,120,2025-08-17
1593,3,160,154,2025-10-07
1594,4,160,110,2024-04-29
1595,5,160,104,2025-09-16
1596,6,160,39,2024-10-14
1597,7,160,94,2024-11-23
1598,8,160,173,2025-05-16
1599,9,160,131,2024-11-19
1600,10,160,194,2025-05-31
1601,1,161,58,2024-05-03
1602,2,161,173,2024-02-20
1603,3,161,97,2024-02-26
1604,4,161,146,2024-06-18
1605,5,161,151,2025-11-13
1606,6,161,153,2024-10-24
1607,7,161,2,2025-09-07
1608,8,161,17,2025-07-26
1609,9,161,138,2024-08-27
1610,10,161,159,2024-04-17
1611,1,162,83,2025-12-22
1612,2,162,2,2025-08-17
1613,3,162,156,2025-05-25
1614,4,162,139,2024-03-22
1615,5,162,74,2025-11-19
1616,6,162,32,2025-06-23
1617,7,162,71,2024-02-16
1618,8,162,97,2025-02-19
1619,9,162,7,2024-12-24
1620,10,162,183,2024-07-20
1621,1,163,183,2024-07-12
1622,2,163,90,2024-04-24
1623,3,163,133,2024-02-05
1624,4,163,180,2025-05-15
1625,5,163,66,2025-11-08
1626,6,163,105,2024-03-27
1627,7,163,116,2025-07-31
1628,8,163,91,2025-02-25
1629,9,163,165,2025-12-31
1630,10,163,34,2025-06-30
1631,1,164,99,2025-01-04
1632,2,164,154,2024-01-31
1633,3,164,14,2025-06-06
1634,4,164,70,2025-10-28
1635,5,164,59,2025-04-29
1636,6,164,77,2025-06-16
1637,7,164,187,2024-09-02
1638,8,164,81,2025-12-07
1639,9,164,194,2025-09-11
1640,10,164,154,2024-12-29
1641,1,165,98,2025-01-19
1642,2,165,164,2024-07-18
1643,3,165,136,2025-07-06
1644,4,165,168,2025-12-03
1645,5,165,20,2024-10-03
1646,6,165,196,2024-11-15
1647,7,165,100,2024-08-08
1648,8,165,131,2024-03-30
1649,9,165,126,2025-10-28
1650,10,165,70,2024-11-13
1651,1,166,116,2025-04-21
1652,2,166,7,2024-08-03
1653,3,166,2,2025-07-02
1654,4,166,175,2024-03-12
1655,5,166,119,2024-04-14
1656,6,166,106,2025-02-14
1657,7,166,66,2025-08-06
1658,8,166,117,2025-08-26
1659,9,166,27,2025-01-17
1660,10,166,125,2025-01-10
1661,1,167,162,2025-12-27
1662,2,167,92,2025-02-04
1663,3,167,162,2025-04-01
1664,4,167,143,2024-08-03
1665,5,167,65,2025-11-21
1666,6,167,25,2024-02-08
1667,7,167,23,2025-10-25
1668,8,167,195,2024-10-07
1669,9,167,2,2025-07-16
1670,10,167,185,2024-12-02
1671,1,168,46,2024-12-07
1672,2,168,154,2025-09-27
1673,3,168,181,2024-02-11
1674,4,168,100,2025-03-02
1675,5,168,193,2025-02-21
1676,6,168,95,2024-09-07
1677,7,168,185,2024-05-02
1678,8,168,137,2024-04-22
1679,9,168,167,2024-08-05
1680,10,168,79,2024-09-26
1681,1,169,115,2025-10-03
1682,2,169,181,2024-06-17
1683,3,169,32,2024-02-20
1684,4,169,32,2024-07-13
1685,5,169,164,2024-12-14
1686,6,169,16,2025-03-26
1687,7,169,65,2025-12-31
1688,8,169,31,2025-08-23
1689,9,169,15,2024-04-13
1690,10,169,118,2025-06-19
1691,1,170,154,2025-04-16
1692,2,170,101,2024-08-20
1693,3,170,20,2025-11-20
1694,4,170,34,2024-12-26
1695,5,170,94,2024-07-08
1696,6,170,185,2025-01-18
1697,7,170,159,2024-11-12
1698,8,170,7,2025-10-18
1699,9,170,193,2024-03-29
1700,10,170,25,2024-06-24
1701,1,171,142,2024-12-16
1702,2,171,107,2024-05-01
1703,3,171,141,2024-10-20
1704,4,171,186,2025-10-16
1705,5,171,70,2025-10-09
1706,6,171,34,2025-09-11
1707,7,171,17,2024-07-04
1708,8,171,108,2025-04-26
1709,9,171,1,2024-12-19
1710,10,171,23,2024-04-17
1711,1,172,5,2024-10-21
1712,2,172,173,2024-12-22
1713,3,172,119,2025-04-21
1714,4,172,153,2025-10-15
1715,5,172,117,2024-07-13
1716,6,172,6,2024-08-17
1717,7,172,71,2025-01-25
1718,8,172,76,2025-06-05
1719,9,172,171,2025-06-10
1720,10,172,39,2025-09-11
1721,1,173,133,2024-09-14
1722,2,173,186,2025-10-11
1723,3,173,75,2024-06-20
1724,4,173,184,2025-10-04
1725,5,173,131,2024-11-10
1726,6,173,175,2025-05-01
1727,7,173,7,2024-02-09
1728,8,173,174,2025-12-17
1729,9,173,96,2025-06-15
1730,10,173,40,2025-01-09
1731,1,174,81,2024-04-30
1732,2,174,199,2025-10-09
1733,3,174,34,2024-10-25
1734,4,174,86,2025-06-20
1735,5,174,30,2024-08-09
1736,6,174,195,2025-02-25
1737,7,174,54,2025-09-28
1738,8,174,107,2024-06-24
1739,9,174,171,2024-06-06
1740,10,174,76,2025-02-09
1741,1,175,117,2025-03-23
1742,2,175,74,2025-09-08
1743,3,175,158,2024-12-01
1744,4,175,10,2025-08-13
1745,5,175,83,2025-10-07
1746,6,175,28,2024-05-05
1747,7,175,180,2025-05-11
1748,8,175,75,2024-12-14
1749,9,175,136,2025-04-02
1750,10,175,197,2024-05-30
1751,1,176,155,2025-09-27
1752,2,176,132,2025-08-28
1753,3,176,182,2024-11-30
1754,4,176,70,2025-12-10
1755,5,176,93,2024-11-01
1756,6,176,82,2025-11-25
1757,7,176,162,2024-02-08
1758,8,176,77,2024-11-11
1759,9,176,18,2024-07-23
1760,10,176,97,2024-09-29
1761,1,177,96,2025-03-21
1762,2,177,149,2024-12-09
1763,3,177,114,2024-07-21
1764,4,177,192,2025-02-27
1765,5,177,37,2024-09-08
1766,6,177,110,2025-01-12
1767,7,177,161,2024-12-30
1768,8,177,158,2024-01-20
1769,9,177,28,2024-03-24
1770,10,177,34,2024-08-03
1771,1,178,121,2024-06-04
1772,2,178,95,2025-01-15
1773,3,178,80,2024-02-05
1774,4,178,23,2025-08-17
1775,5,178,156,2024-06-23
1776,6,178,198,2024-08-16
1777,7,178,96,2024-04-13
1778,8,178,92,2025-01-28
1779,9,178,49,2024-03-31
1780,10,178,53,2024-07-29
1781,1,179,66,2024-06-15
1782,2,179,14,2025-04-01
1783,3,179,63,2024-04-02
1784,4,179,22,2025-09-15
1785,5,179,165,2025-06-02
1786,6,179,63,2025-04-22
1787,7,179,39,2025-12-30
1788,8,179,75,2025-02-19
1789,9,179,72,2025-12-13
1790,10,179,136,2024-12-13
1791,1,180,58,2024-04-04
1792,2,180,39,2025-04-07
1793,3,180,200,2024-06-12
1794,4,180,43,2024-07-24
1795,5,180,134,2024-10-04
1796,6,180,76,2024-06-06
1797,7,180,68,2025-01-06
1798,8,180,173,2025-01-13
1799,9,180,97,2024-03-03
1800,10,180,144,2024-02-13
1801,1,181,177,2024-03-26
1802,2,181,183,2025-10-11
1803,3,181,67,2025-06-23
1804,4,181,88,2025-11-28
1805,5,181,4,2024-09-17
1806,6,181,101,2024-03-09
1807,7,181,80,2024-01-31
1808,8,181,159,2024-04-05
1809,9,181,62,2024-04-04
1810,10,181,16,2024-03-16
1811,1,182,58,2024-04-26
1812,2,182,165,2024-08-15
1813,3,182,1,2025-02-05
1814,4,182,70,2024-05-29
1815,5,182,52,2025-06-13
1816,6,182,19,2025-09-10
1817,7,182,45,2025-01-03
1818,8,182,38,2024-07-15
1819,9,182,164,2025-08-30
1820,10,182,23,2024-09-26
1821,1,183,85,2024-03-31
1822,2,183,15,2025-12-31
1823,3,183,108,2025-05-17
1824,4,183,154,2024-11-09
1825,5,183,40,2025-11-19
1826,6,183,87,2025-03-27
1827,7,183,62,2025-06-25
1828,8,183,127,2025-05-24
1829,9,183,41,2025-11-09
1830,10,183,4,2024-05-22
1831,1,184,72,2025-01-30
1832,2,184,190,2025-03-06
1833,3,184,47,2025-08-05
1834,4,184,108,2024-06-25
1835,5,184,103,2024-08-04
1836,6,184,89,2025-02-24
1837,7,184,13,2025-03-25
1838,8,184,142,2024-10-19
1839,9,184,124,2025-02-02
1840,10,184,90,2024-05-19
1841,1,185,35,2024-08-05
1842,2,185,77,2025-06-04
1843,3,185,103,2025-01-17
1844,4,185,133,2025-07-09
1845,5,185,137,2024-09-11
1846,6,185,71,2025-02-25
1847,7,185,64,2025-12-21
1848,8,185,22,2024-04-23
1849,9,185,98,2025-01-07
1850,10,185,53,2024-02-11
1851,1,186,116,2025-11-20
1852,2,186,65,2024-06-04
1853,3,186,84,2024-02-26
1854,4,186,164,2024-07-16
1855,5,186,27,2025-09-08
1856,6,186,60,2024-06-07
1857,7,186,157,2024-06-22
1858,8,186,102,2025-07-09
1859,9,186,158,2025-03-22
1860,10,186,195,2025-12-23
1861,1,187,78,2024-07-05
1862,2,187,32,2025-02-22
1863,3,187,48,2024-12-06
1864,4,187,69,2025-02-20
1865,5,187,26,2024-01-11
1866,6,187,168,2025-05-07
1867,7,187,157,2024-02-07
1868,8,187,135,2024-11-24
1869,9,187,116,2025-11-16
1870,10,187,157,2025-07-27
1871,1,188,83,2024-04-16
1872,2,188,68,2024-08-15
1873,3,188,133,2025-08-20
1874,4,188,179,2024-07-08
1875,5,188,82,2025-09-03
1876,6,188,76,2024-11-15
1877,7,188,164,2024-07-09
1878,8,188,164,2024-02-15
1879,9,188,74,2025-11-23
1880,10,188,24,2025-03-14
1881,1,189,195,2025-02-23
1882,2,189,178,2025-02-28
1883,3,189,167,2025-02-27
1884,4,189,0,2024-06-21
1885,5,189,90,2024-02-06
1886,6,189,168,2025-12-05
1887,7,189,149,2025-06-24
1888,8,189,95,2024-04-18
1889,9,189,51,2025-07-13
1890,10,189,49,2025-11-12
1891,1,190,26,2025-07-07
1892,2,190,161,2025-04-24
1893,3,190,87,2024-03-06
1894,4,190,30,2025-03-08
1895,5,190,31,2024-12-02
1896,6,190,38,2025-03-17
1897,7,190,29,2025-12-11
1898,8,190,20,2024-02-02
1899,9,190,155,2024-10-03
1900,10,190,189,2025-07-31
1901,1,191,195,2024-02-23
1902,2,191,34,2025-11-17
1903,3,191,98,2024-04-19
1904,4,191,62,2024-03-23
1905,5,191,68,2024-01-31
1906,6,191,42,2024-06-24
1907,7,191,39,2024-05-26
1908,8,191,40,2025-06-12
1909,9,191,136,2024-04-17
1910,10,191,0,2025-10-12
1911,1,192,49,2025-11-12
1912,2,192,82,2025-01-07
1913,3,192,115,2024-06-01
1914,4,192,92,2024-04-10
1915,5,192,11,2024-10-18
1916,6,192,124,2025-01-20
1917,7,192,105,2025-03-16
1918,8,192,63,2025-11-12
1919,9,192,112,2025-03-02
1920,10,192,134,2024-04-23
1921,1,193,182,2024-06-16
1922,2,193,66,2025-06-17
1923,3,193,66,2024-01-03
1924,4,193,93,2025-11-01
1925,5,193,191,2025-03-26
1926,6,193,56,2024-06-30
1927,7,193,18,2024-05-22
1928,8,193,3,2024-10-05
1929,9,193,133,2025-07-26
1930,10,193,23,2024-12-21
1931,1,194,136,2025-08-26
1932,2,194,12,2024-09-30
1933,3,194,183,2024-09-23
1934,4,194,176,2025-09-14
1935,5,194,66,2024-12-30
1936,6,194,26,2025-12-24
1937,7,194,178,2025-04-02
1938,8,194,38,2024-05-19
1939,9,194,90,2025-10-24
1940,10,194,141,2024-01-03
1941,1,195,113,2025-04-24
1942,2,195,149,2025-01-16
1943,3,195,6,2025-06-08
1944,4,195,82,2024-06-13
1945,5,195,107,2024-03-26
1946,6,195,80,2024-04-03
1947,7,195,112,2025-11-17
1948,8,195,84,2024-05-31
1949,9,195,184,2025-05-31
1950,10,195,138,2024-03-14
1951,1,196,4,2024-10-06
1952,2,196,167,2024-03-09
1953,3,196,162,2025-02-20
1954,4,196,41,2024-11-18
1955,5,196,192,2025-10-13
1956,6,196,199,2025-04-26
1957,7,196,29,2025-05-01
1958,8,196,41,2025-04-18
1959,9,196,22,2024-01-09
1960,10,196,186,2025-08-03
1961,1,197,169,2025-03-18
1962,2,197,126,2024-08-21
1963,3,197,53,2025-03-09
1964,4,197,31,2025-10-14
1965,5,197,47,2025-08-03
1966,6,197,200,2025-11-01
1967,7,197,169,2025-11-10
1968,8,197,139,2024-10-09
1969,9,197,152,2025-02-18
1970,10,197,114,2025-09-26
1971,1,198,179,2025-07-09
1972,2,198,12,2024-03-07
1973,3,198,78,2024-07-24
1974,4,198,184,2025-06-17
1975,5,198,55,2025-05-05
1976,6,198,80,2024-11-23
1977,7,198,98,2024-06-10
1978,8,198,194,2024-07-28
1979,9,198,126,2024-06-13
1980,10,198,135,2024-04-20
1981,1,199,54,2024-01-21
1982,2,199,128,2024-10-24
1983,3,199,170,2025-12-16
1984,4,199,169,2024-08-15
1985,5,199,38,2025-01-31
1986,6,199,160,2024-11-16
1987,7,199,131,2024-11-21
1988,8,199,176,2024-07-05
1989,9,199,130,2024-07-19
1990,10,199,15,2024-01-27
1991,1,200,36,2024-02-03
1992,2,200,120,2024-05-15
1993,3,200,190,2025-11-18
1994,4,200,41,2025-07-26
1995,5,200,176,2024-04-07
1996,6,200,57,2025-05-02
1997,7,200,113,2025-10-04
1998,8,200,108,2024-06-27
1999,9,200,77,2024-04-23
2000,10,200,95,2025-08-25
2001,1,201,36,2024-02-14
2002,2,201,141,2025-07-10
2003,3,201,67,2025-03-20
2004,4,201,149,2025-06-03
2005,5,201,38,2025-02-24
2006,6,201,15,2025-04-11
2007,7,201,182,2025-03-17
2008,8,201,198,2024-10-10
2009,9,201,143,2025-07-15
2010,10,201,183,2024-01-12
2011,1,202,8,2024-05-25
2012,2,202,158,2024-06-28
2013,3,202,130,2025-11-22
2014,4,202,51,2024-09-06
2015,5,202,110,2025-02-09
2016,6,202,81,2025-02-22
2017,7,202,100,2024-07-03
2018,8,202,69,2025-11-26
2019,9,202,137,2024-08-04
2020,10,202,13,2024-08-31
2021,1,203,192,2025-01-17
2022,2,203,94,2024-04-03
2023,3,203,192,2024-02-06
2024,4,203,71,2024-03-07
2025,5,203,116,2025-06-10
2026,6,203,141,2025-03-21
2027,7,203,62,2025-11-25
2028,8,203,126,2025-01-13
2029,9,203,198,2025-01-24
2030,10,203,174,2025-02-27
2031,1,204,69,2025-12-29
2032,2,204,7,2025-02-09
2033,3,204,181,2025-09-03
2034,4,204,154,2024-09-10
2035,5,204,91,2025-07-30
2036,6,204,167,2024-08-02
2037,7,204,156,2025-11-04
2038,8,204,70,2024-08-28
2039,9,204,81,2024-04-11
2040,10,204,10,2025-08-06
2041,1,205,19,2025-05-11
2042,2,205,161,2024-09-22
2043,3,205,45,2025-10-09
2044,4,205,4,2024-09-23
2045,5,205,47,2024-07-04
2046,6,205,162,2024-06-24
2047,7,205,94,2024-09-26
2048,8,205,74,2025-08-04
2049,9,205,155,2024-01-01
2050,10,205,145,2024-07-01
2051,1,206,104,2024-01-06
2052,2,206,59,2024-12-14
2053,3,206,51,2025-11-02
2054,4,206,89,2025-04-03
2055,5,206,111,2024-07-14
2056,6,206,74,2025-08-30
2057,7,206,146,2025-11-30
2058,8,206,154,2024-01-31
2059,9,206,92,2024-10-04
2060,10,206,40,2024-08-08
2061,1,207,124,2025-12-02
2062,2,207,72,2025-08-27
2063,3,207,44,2025-06-23
2064,4,207,168,2025-05-17
2065,5,207,109,2025-06-04
2066,6,207,157,2025-09-18
2067,7,207,165,2025-12-14
2068,8,207,113,2025-07-31
2069,9,207,82,2025-04-05
2070,10,207,86,2025-05-29
2071,1,208,179,2025-06-20
2072,2,208,150,2025-03-12
2073,3,208,0,2024-06-18
2074,4,208,72,2025-08-29
2075,5,208,199,2025-04-12
2076,6,208,161,2025-09-16
2077,7,208,48,2025-09-05
2078,8,208,2,2024-06-15
2079,9,208,96,2025-06-08
2080,10,208,85,2024-02-19
2081,1,209,53,2024-07-08
2082,2,209,41,2025-04-06
2083,3,209,179,2025-03-16
2084,4,209,104,2024-11-03
2085,5,209,66,2025-05-08
2086,6,209,36,2024-02-05
2087,7,209,50,2024-04-01
2088,8,209,192,2025-02-28
2089,9,209,190,2024-08-21
2090,10,209,127,2025-11-05
2091,1,210,169,2024-07-14
2092,2,210,147,2025-01-09
2093,3,210,149,2025-04-16
2094,4,210,51,2024-10-25
2095,5,210,103,2025-12-15
2096,6,210,103,2024-08-09
2097,7,210,200,2024-06-09
2098,8,210,41,2025-08-03
2099,9,210,35,2025-06-28
2100,10,210,129,2025-10-22
2101,1,211,150,2025-11-12
2102,2,211,177,2025-04-22
2103,3,211,86,2024-09-29
2104,4,211,163,2024-02-10
2105,5,211,90,2024-10-13
2106,6,211,134,2025-07-12
2107,7,211,86,2024-07-14
2108,8,211,20,2025-10-23
2109,9,211,70,2024-10-04
2110,10,211,125,2025-12-16
2111,1,212,109,2025-12-04
2112,2,212,144,2024-12-05
2113,3,212,40,2025-02-14
2114,4,212,77,2024-08-25
2115,5,212,7,2024-02-19
2116,6,212,127,2025-07-02
2117,7,212,42,2024-10-31
2118,8,212,16,2024-12-30
2119,9,212,193,2024-12-20
2120,10,212,97,2024-02-01
2121,1,213,193,2024-08-07
2122,2,213,195,2024-05-02
2123,3,213,47,2025-02-08
2124,4,213,175,2024-05-03
2125,5,213,50,2025-05-17
2126,6,213,140,2024-04-08
2127,7,213,42,2025-07-12
2128,8,213,50,2025-10-04
2129,9,213,184,2025-04-06
2130,10,213,129,2024-10-02
2131,1,214,113,2025-04-03
2132,2,214,189,2025-04-22
2133,3,214,100,2024-12-15
2134,4,214,37,2024-10-28
2135,5,214,14,2025-06-25
2136,6,214,120,2025-04-05
2137,7,214,194,2024-12-18
2138,8,214,163,2025-02-17
2139,9,214,98,2025-02-15
2140,10,214,84,2025-09-10
2141,1,215,107,2024-09-08
2142,2,215,62,2024-02-18
2143,3,215,123,2024-07-26
2144,4,215,18,2025-01-27
2145,5,215,10,2024-03-02
2146,6,215,196,2025-04-25
2147,7,215,199,2025-09-30
2148,8,215,94,2025-09-15
2149,9,215,164,2025-01-27
2150,10,215,199,2025-09-21
2151,1,216,107,2024-01-15
2152,2,216,158,2025-11-30
2153,3,216,23,2025-02-06
2154,4,216,130,2024-11-01
2155,5,216,50,2024-02-04
2156,6,216,50,2025-09-21
2157,7,216,46,2025-12-01
2158,8,216,91,2025-07-16
2159,9,216,34,2024-10-26
2160,10,216,196,2024-09-10
2161,1,217,83,2024-06-07
2162,2,217,164,2025-04-27
2163,3,217,140,2025-11-29
2164,4,217,49,2024-11-20
2165,5,217,157,2024-03-30
2166,6,217,156,2024-12-05
2167,7,217,159,2025-02-20
2168,8,217,144,2025-08-28
2169,9,217,31,2024-01-31
2170,10,217,77,2025-12-30
2171,1,218,82,2024-09-18
2172,2,218,185,2024-12-30
2173,3,218,34,2024-11-18
2174,4,218,96,2025-09-14
2175,5,218,148,2025-07-09
2176,6,218,180,2025-05-12
2177,7,218,178,2024-09-22
2178,8,218,73,2025-05-14
2179,9,218,124,2024-12-17
2180,10,218,74,2025-07-11
2181,1,219,42,2024-07-31
2182,2,219,97,2024-07-04
2183,3,219,77,2024-10-01
2184,4,219,168,2024-06-13
2185,5,219,76,2025-02-05
2186,6,219,44,2025-04-29
2187,7,219,53,2024-01-18
2188,8,219,140,2024-05-09
2189,9,219,57,2025-11-08
2190,10,219,81,2024-08-08
2191,1,220,7,2025-03-01
2192,2,220,5,2024-08-04
2193,3,220,60,2024-11-29
2194,4,220,13,2024-10-22
2195,5,220,87,2024-06-06
2196,6,220,99,2024-05-15
2197,7,220,189,2025-07-31
2198,8,220,123,2024-01-28
2199,9,220,173,2025-06-15
2200,10,220,129,2024-02-06
2201,1,221,101,2024-03-30
2202,2,221,118,2025-12-16
2203,3,221,41,2024-12-02
2204,4,221,111,2024-06-14
2205,5,221,25,2024-10-27
2206,6,221,152,2024-06-19
2207,7,221,26,2024-03-25
2208,8,221,184,2025-12-12
2209,9,221,90,2024-02-03
2210,10,221,94,2024-01-05
2211,1,222,193,2024-02-20
2212,2,222,85,2024-07-15
2213,3,222,167,2025-03-25
2214,4,222,82,2024-08-06
2215,5,222,175,2025-05-30
2216,6,222,92,2024-04-02
2217,7,222,72,2024-09-26
2218,8,222,165,2025-06-18
2219,9,222,178,2024-01-06
2220,10,222,198,2024-05-05
2221,1,223,130,2025-12-28
2222,2,223,199,2025-04-27
2223,3,223,6,2024-01-21
2224,4,223,109,2024-04-21
2225,5,223,122,2024-09-28
2226,6,223,110,2024-10-11
2227,7,223,184,2024-05-15
2228,8,223,172,2025-11-07
2229,9,223,53,2025-12-18
2230,10,223,74,2025-12-13
2231,1,224,200,2024-09-04
2232,2,224,47,2025-11-05
2233,3,224,1,2025-01-05
2234,4,224,54,2025-05-14
2235,5,224,110,2025-03-25
2236,6,224,1,2024-05-01
2237,7,224,184,2025-09-28
2238,8,224,15,2024-03-26
2239,9,224,84,2024-02-07
2240,10,224,8,2024-11-04
2241,1,225,12,2025-11-05
2242,2,225,12,2025-09-12
2243,3,225,82,2024-02-03
2244,4,225,150,2025-11-01
2245,5,225,164,2025-10-05
2246,6,225,152,2025-02-11
2247,7,225,37,2024-07-07
2248,8,225,190,2025-03-17
2249,9,225,109,2024-10-07
2250,10,225,143,2024-09-01
2251,1,226,126,2025-02-03
2252,2,226,58,2024-09-08
2253,3,226,49,2025-10-12
2254,4,226,53,2024-12-11
2255,5,226,31,2025-10-09
2256,6,226,113,2024-09-15
2257,7,226,42,2024-06-29
2258,8,226,196,2024-11-22
2259,9,226,156,2024-10-27
2260,10,226,85,2025-08-15
2261,1,227,161,2024-08-26
2262,2,227,103,2025-04-14
2263,3,227,195,2024-02-21
2264,4,227,164,2025-04-12
2265,5,227,121,2024-02-26
2266,6,227,80,2024-09-12
2267,7,227,3,2024-09-30
2268,8,227,140,2025-10-17
2269,9,227,175,2025-09-23
2270,10,227,35,2025-03-17
2271,1,228,125,2024-10-27
2272,2,228,103,2025-11-27
2273,3,228,143,2024-04-19
2274,4,228,32,2024-09-27
2275,5,228,155,2025-12-20
2276,6,228,194,2025-01-23
2277,7,228,100,2024-09-20
2278,8,228,179,2025-06-13
2279,9,228,200,2025-08-02
2280,10,228,2,2025-03-31
2281,1,229,140,2024-11-29
2282,2,229,136,2024-11-02
2283,3,229,181,2024-02-17
2284,4,229,188,2025-04-05
2285,5,229,55,2025-06-26
2286,6,229,117,2024-01-19
2287,7,229,194,2024-03-10
2288,8,229,107,2024-11-01
2289,9,229,164,2025-04-11
2290,10,229,38,2025-04-10
2291,1,230,120,2025-07-13
2292,2,230,200,2024-07-15
2293,3,230,115,2025-09-10
2294,4,230,147,2025-11-29
2295,5,230,134,2024-07-25
2296,6,230,154,2024-09-15
2297,7,230,96,2024-06-22
2298,8,230,173,2024-02-24
2299,9,230,20,2025-12-02
2300,10,230,199,2025-07-23
2301,1,231,117,2025-03-03
2302,2,231,141,2025-08-03
2303,3,231,114,2024-06-06
2304,4,231,194,2024-10-19
2305,5,231,172,2024-12-02
2306,6,231,41,2024-07-10
2307,7,231,40,2025-02-10
2308,8,231,52,2024-09-25
2309,9,231,156,2024-01-14
2310,10,231,68,2024-07-13
2311,1,232,105,2024-05-25
2312,2,232,170,2024-09-22
2313,3,232,132,2025-02-12
2314,4,232,169,2025-12-26
2315,5,232,14,2025-05-31
2316,6,232,142,2025-08-14
2317,7,232,88,2024-06-03
2318,8,232,12,2024-04-16
2319,9,232,163,2024-04-06
2320,10,232,91,2025-12-12
2321,1,233,187,2025-09-04
2322,2,233,32,2024-07-10
2323,3,233,122,2024-12-30
2324,4,233,200,2025-03-10
2325,5,233,179,2024-11-01
2326,6,233,156,2024-04-21
2327,7,233,110,2025-10-08
2328,8,233,0,2024-08-19
2329,9,233,43,2025-12-01
2330,10,233,133,2024-02-12
2331,1,234,53,2024-09-23
2332,2,234,103,2024-03-03
2333,3,234,141,2025-07-30
2334,4,234,22,2024-07-16
2335,5,234,68,2025-06-27
2336,6,234,180,2024-06-08
2337,7,234,16,2024-07-31
2338,8,234,131,2025-01-29
2339,9,234,135,2024-01-21
2340,10,234,89,2024-02-03
2341,1,235,50,2024-03-30
2342,2,235,175,2024-08-07
2343,3,235,198,2024-11-13
2344,4,235,19,2024-08-18
2345,5,235,163,2024-01-15
2346,6,235,200,2025-03-16
2347,7,235,157,2024-10-13
2348,8,235,152,2024-01-17
2349,9,235,149,2025-03-17
2350,10,235,169,2025-05-24
2351,1,236,12,2024-10-03
2352,2,236,151,2025-10-28
2353,3,236,64,2024-12-16
2354,4,236,198,2024-05-13
2355,5,236,138,2024-02-17
2356,6,236,99,2025-07-17
2357,7,236,196,2024-08-20
2358,8,236,21,2025-02-12
2359,9,236,170,2025-06-05
2360,10,236,72,2024-08-18
2361,1,237,174,2024-04-09
2362,2,237,81,2025-04-26
2363,3,237,25,2024-07-05
2364,4,237,127,2025-09-30
2365,5,237,37,2025-02-19
2366,6,237,170,2025-06-17
2367,7,237,31,2024-03-30
2368,8,237,120,2025-05-18
2369,9,237,49,2024-06-02
2370,10,237,142,2025-10-03
2371,1,238,153,2025-12-24
2372,2,238,126,2025-08-17
2373,3,238,106,2024-04-14
2374,4,238,21,2025-04-20
2375,5,238,106,2024-06-30
2376,6,238,42,2024-10-17
2377,7,238,106,2025-08-31
2378,8,238,90,2025-02-01
2379,9,238,139,2024-07-19
2380,10,238,141,2024-04-01
2381,1,239,154,2024-02-04
2382,2,239,152,2024-08-14
2383,3,239,200,2025-01-18
2384,4,239,150,2025-10-27
2385,5,239,152,2024-01-29
2386,6,239,81,2025-07-18
2387,7,239,4,2025-06-16
2388,8,239,154,2025-03-07
2389,9,239,67,2024-07-22
2390,10,239,118,2024-08-21
2391,1,240,16,2025-06-29
2392,2,240,107,2024-07-04
2393,3,240,121,2025-03-01
2394,4,240,193,2025-08-14
2395,5,240,82,2025-11-02
2396,6,240,29,2025-10-06
2397,7,240,197,2025-12-29
2398,8,240,178,2025-06-14
2399,9,240,184,2025-01-11
2400,10,240,15,2024-03-21
2401,1,241,146,2024-01-26
2402,2,241,135,2025-07-11
2403,3,241,60,2024-05-21
2404,4,241,39,2024-01-06
2405,5,241,53,2024-08-05
2406,6,241,141,2025-01-23
2407,7,241,200,2024-10-07
2408,8,241,197,2025-02-03
2409,9,241,161,2024-09-27
2410,10,241,74,2025-05-30
2411,1,242,169,2025-03-31
2412,2,242,66,2024-10-21
2413,3,242,81,2025-08-15
2414,4,242,106,2025-10-08
2415,5,242,44,2025-07-20
2416,6,242,15,2025-03-09
2417,7,242,69,2025-09-12
2418,8,242,68,2024-06-08
2419,9,242,26,2024-01-11
2420,10,242,104,2025-08-01
2421,1,243,76,2024-02-10
2422,2,243,64,2024-08-01
2423,3,243,159,2025-12-28
2424,4,243,44,2025-06-02
2425,5,243,88,2024-02-03
2426,6,243,8,2025-07-13
2427,7,243,96,2024-06-03
2428,8,243,179,2025-08-27
2429,9,243,163,2024-10-11
2430,10,243,11,2024-07-22
2431,1,244,4,2025-10-18
2432,2,244,131,2025-01-12
2433,3,244,123,2025-07-30
2434,4,244,117,2024-09-20
2435,5,244,69,2025-02-11
2436,6,244,37,2024-08-12
2437,7,244,199,2025-10-14
2438,8,244,176,2024-09-17
2439,9,244,128,2024-05-15
2440,10,244,93,2025-03-21
2441,1,245,61,2025-06-08
2442,2,245,90,2025-07-26
2443,3,245,120,2025-08-04
2444,4,245,117,2025-06-10
2445,5,245,129,2025-02-23
2446,6,245,125,2024-09-10
2447,7,245,86,2024-10-04
2448,8,245,63,2024-12-03
2449,9,245,194,2024-08-21
2450,10,245,20,2024-06-29
2451,1,246,43,2025-11-19
2452,2,246,177,2024-02-17
2453,3,246,14,2025-11-25
2454,4,246,95,2024-02-24
2455,5,246,112,2025-09-23
2456,6,246,123,2024-07-10
2457,7,246,9,2025-07-05
2458,8,246,130,2024-08-15
2459,9,246,51,2024-10-26
2460,10,246,86,2025-12-14
2461,1,247,131,2025-01-23
2462,2,247,65,2025-02-25
2463,3,247,144,2025-06-02
2464,4,247,151,2024-06-18
2465,5,247,129,2025-07-03
2466,6,247,135,2025-07-30
2467,7,247,134,2024-07-18
2468,8,247,199,2025-08-30
2469,9,247,88,2025-08-05
2470,10,247,36,2024-08-19
2471,1,248,6,2025-12-26
2472,2,248,38,2025-01-15
2473,3,248,130,2025-03-14
2474,4,248,141,2024-06-20
2475,5,248,195,2025-03-20
2476,6,248,137,2024-10-09
2477,7,248,65,2025-06-16
2478,8,248,35,2024-04-23
2479,9,248,56,2025-06-06
2480,10,248,46,2025-05-14
2481,1,249,190,2025-06-04
2482,2,249,153,2025-06-17
2483,3,249,39,2024-10-19
2484,4,249,166,2025-01-05
2485,5,249,56,2025-12-18
2486,6,249,77,2024-01-10
2487,7,249,20,2025-06-08
2488,8,249,140,2025-08-18
2489,9,249,83,2025-11-06
2490,10,249,154,2024-06-19
2491,1,250,10,2025-05-26
2492,2,250,85,2025-01-22
2493,3,250,116,2025-01-05
2494,4,250,149,2024-11-10
2495,5,250,172,2025-03-17
2496,6,250,46,2025-09-23
2497,7,250,27,2024-09-15
2498,8,250,8,2025-03-22
2499,9,250,84,2025-05-31
2500,10,250,173,2024-08-01
2501,1,251,9,2024-12-21
2502,2,251,136,2024-10-17
2503,3,251,75,2025-07-12
2504,4,251,34,2025-03-02
2505,5,251,44,2024-11-04
2506,6,251,183,2025-04-08
2507,7,251,115,2024-12-31
2508,8,251,156,2025-01-29
2509,9,251,109,2025-01-09
2510,10,251,87,2025-09-15
2511,1,252,179,2025-09-21
2512,2,252,12,2024-02-10
2513,3,252,32,2025-06-23
2514,4,252,101,2024-10-24
2515,5,252,64,2025-06-11
2516,6,252,179,2024-10-25
2517,7,252,92,2024-12-05
2518,8,252,98,2025-01-11
2519,9,252,33,2024-02-13
2520,10,252,167,2025-12-26
2521,1,253,63,2025-06-23
2522,2,253,142,2024-02-26
2523,3,253,27,2024-11-01
2524,4,253,167,2025-01-29
2525,5,253,150,2025-02-08
2526,6,253,37,2025-08-25
2527,7,253,103,2024-08-05
2528,8,253,121,2024-12-12
2529,9,253,39,2025-08-11
2530,10,253,33,2024-12-15
2531,1,254,90,2025-09-29
2532,2,254,86,2025-06-13
2533,3,254,3,2025-12-21
2534,4,254,87,2025-10-25
2535,5,254,37,2024-06-12
2536,6,254,69,2025-06-30
2537,7,254,41,2025-10-03
2538,8,254,3,2025-03-03
2539,9,254,90,2025-09-15
2540,10,254,84,2024-04-18
2541,1,255,0,2024-01-16
2542,2,255,182,2024-02-11
2543,3,255,89,2025-09-09
2544,4,255,174,2025-12-15
2545,5,255,54,2025-03-23
2546,6,255,55,2025-07-16
2547,7,255,78,2025-12-20
2548,8,255,41,2024-06-10
2549,9,255,0,2025-03-07
2550,10,255,28,2024-11-11
2551,1,256,22,2024-11-20
2552,2,256,34,2024-06-18
2553,3,256,136,2024-11-03
2554,4,256,87,2025-01-15
2555,5,256,32,2024-11-14
2556,6,256,95,2024-03-22
2557,7,256,71,2025-08-08
2558,8,256,86,2024-06-21
2559,9,256,32,2024-01-08
2560,10,256,81,2025-06-25
2561,1,257,186,2025-03-30
2562,2,257,87,2025-05-28
2563,3,257,57,2025-06-19
2564,4,257,184,2025-03-08
2565,5,257,161,2024-04-21
2566,6,257,45,2024-05-19
2567,7,257,24,2024-02-20
2568,8,257,50,2024-07-26
2569,9,257,36,2024-10-30
2570,10,257,189,2025-03-14
2571,1,258,49,2025-05-11
2572,2,258,59,2024-09-23
2573,3,258,133,2024-03-30
2574,4,258,193,2025-04-17
2575,5,258,194,2025-05-11
2576,6,258,111,2025-02-24
2577,7,258,127,2025-12-13
2578,8,258,145,2024-02-24
2579,9,258,38,2025-06-03
2580,10,258,200,2025-12-17
2581,1,259,200,2025-08-09
2582,2,259,104,2025-03-03
2583,3,259,174,2025-07-22
2584,4,259,164,2024-09-23
2585,5,259,6,2025-10-12
2586,6,259,48,2024-01-28
2587,7,259,39,2024-06-14
2588,8,259,130,2025-05-09
2589,9,259,135,2025-08-08
2590,10,259,193,2025-07-24
2591,1,260,41,2024-06-28
2592,2,260,144,2024-05-03
2593,3,260,158,2025-09-06
2594,4,260,60,2024-04-26
2595,5,260,166,2025-12-27
2596,6,260,88,2025-03-16
2597,7,260,10,2025-02-12
2598,8,260,53,2025-08-30
2599,9,260,163,2025-07-08
2600,10,260,169,2025-04-26
2601,1,261,111,2024-12-12
2602,2,261,18,2025-01-15
2603,3,261,90,2025-07-15
2604,4,261,112,2025-08-02
2605,5,261,8,2025-12-20
2606,6,261,33,2024-07-27
2607,7,261,34,2024-07-14
2608,8,261,99,2025-09-23
2609,9,261,107,2025-10-16
2610,10,261,8,2024-08-25
2611,1,262,18,2025-05-03
2612,2,262,2,2025-10-25
2613,3,262,68,2025-06-30
2614,4,262,13,2025-11-12
2615,5,262,180,2024-08-22
2616,6,262,37,2025-07-09
2617,7,262,26,2025-12-25
2618,8,262,74,2025-07-13
2619,9,262,12,2024-09-22
2620,10,262,70,2025-08-13
2621,1,263,78,2025-09-16
2622,2,263,13,2025-03-24
2623,3,263,193,2025-05-31
2624,4,263,47,2025-06-02
2625,5,263,52,2025-11-08
2626,6,263,52,2025-04-03
2627,7,263,164,2024-07-10
2628,8,263,27,2024-08-04
2629,9,263,175,2025-04-09
2630,10,263,50,2025-08-04
2631,1,264,107,2024-04-13
2632,2,264,162,2024-08-04
2633,3,264,171,2025-11-20
2634,4,264,65,2024-10-07
2635,5,264,63,2024-06-23
2636,6,264,98,2024-03-26
2637,7,264,76,2024-06-02
2638,8,264,185,2025-10-02
2639,9,264,53,2025-10-16
2640,10,264,94,2025-07-15
2641,1,265,93,2024-10-25
2642,2,265,142,2025-12-23
2643,3,265,4,2025-12-08
2644,4,265,49,2025-10-11
2645,5,265,103,2024-02-23
2646,6,265,178,2025-02-26
2647,7,265,112,2025-06-19
2648,8,265,83,2024-02-04
2649,9,265,179,2024-12-25
2650,10,265,168,2024-05-27
2651,1,266,95,2024-04-16
2652,2,266,0,2024-08-10
2653,3,266,121,2024-09-04
2654,4,266,63,2025-01-17
2655,5,266,72,2025-10-16
2656,6,266,135,2025-11-06
2657,7,266,42,2024-10-16
2658,8,266,94,2024-02-13
2659,9,266,132,2025-05-12
2660,10,266,27,2025-07-04
2661,1,267,37,2024-07-23
2662,2,267,48,2024-11-13
2663,3,267,94,2024-11-04
2664,4,267,133,2024-07-12
2665,5,267,122,2025-11-24
2666,6,267,78,2025-05-06
2667,7,267,28,2025-04-27
2668,8,267,181,2024-06-14
2669,9,267,29,2024-04-21
2670,10,267,121,2025-05-21
2671,1,268,65,2025-06-28
2672,2,268,21,2025-04-16
2673,3,268,104,2024-02-06
2674,4,268,111,2024-08-01
2675,5,268,94,2024-03-26
2676,6,268,49,2024-09-17
2677,7,268,192,2025-09-08
2678,8,268,134,2025-03-02
2679,9,268,82,2024-07-27
2680,10,268,110,2024-05-08
2681,1,269,163,2024-11-08
2682,2,269,74,2025-12-17
2683,3,269,70,2025-05-01
2684,4,269,162,2024-04-13
2685,5,269,57,2024-06-21
2686,6,269,88,2024-04-13
2687,7,269,46,2024-08-08
2688,8,269,26,2024-06-09
2689,9,269,14,2024-06-24
2690,10,269,88,2024-05-31
2691,1,270,52,2025-01-21
2692,2,270,19,2025-01-17
2693,3,270,72,2024-06-07
2694,4,270,17,2025-11-03
2695,5,270,61,2025-09-04
2696,6,270,142,2025-05-10
2697,7,270,145,2024-02-14
2698,8,270,147,2024-12-15
2699,9,270,51,2025-09-22
2700,10,270,72,2025-11-22
2701,1,271,110,2024-01-27
2702,2,271,179,2025-02-06
2703,3,271,31,2024-05-07
2704,4,271,102,2025-12-29
2705,5,271,154,2024-01-01
2706,6,271,39,2025-11-12
2707,7,271,170,2024-03-26
2708,8,271,96,2025-09-13
2709,9,271,36,2025-11-06
2710,10,271,156,2024-02-04
2711,1,272,4,2024-05-25
2712,2,272,185,2024-12-02
2713,3,272,123,2025-10-02
2714,4,272,87,2024-02-04
2715,5,272,155,2025-01-26
2716,6,272,134,2024-06-01
2717,7,272,143,2024-03-26
2718,8,272,160,2025-03-25
2719,9,272,130,2025-01-26
2720,10,272,69,2025-09-05
2721,1,273,165,2025-02-18
2722,2,273,191,2025-09-19
2723,3,273,106,2024-04-11
2724,4,273,15,2024-05-20
2725,5,273,59,2024-08-31
2726,6,273,167,2025-06-05
2727,7,273,114,2024-06-05
2728,8,273,39,2025-01-22
2729,9,273,37,2025-05-20
2730,10,273,95,2025-12-15
2731,1,274,63,2024-11-25
2732,2,274,40,2025-06-23
2733,3,274,34,2025-09-21
2734,4,274,2,2025-05-22
2735,5,274,181,2024-01-13
2736,6,274,124,2025-11-15
2737,7,274,171,2024-07-04
2738,8,274,42,2025-03-06
2739,9,274,101,2025-12-14
2740,10,274,168,2025-04-30
2741,1,275,103,2024-09-14
2742,2,275,127,2024-09-29
2743,3,275,104,2024-06-30
2744,4,275,134,2024-06-17
2745,5,275,162,2024-05-20
2746,6,275,74,2025-03-13
2747,7,275,2,2025-05-28
2748,8,275,176,2024-08-23
2749,9,275,2,2024-06-18
2750,10,275,138,2024-07-27
2751,1,276,144,2025-10-06
2752,2,276,114,2025-08-20
2753,3,276,134,2024-06-12
2754,4,276,33,2025-10-08
2755,5,276,18,2025-05-28
2756,6,276,189,2025-11-17
2757,7,276,172,2024-10-22
2758,8,276,114,2025-11-03
2759,9,276,149,2025-11-29
2760,10,276,133,2024-09-30
2761,1,277,197,2025-03-29
2762,2,277,139,2025-07-30
2763,3,277,165,2025-11-21
2764,4,277,39,2024-10-01
2765,5,277,159,2025-05-19
2766,6,277,92,2025-03-01
2767,7,277,115,2024-10-16
2768,8,277,148,2024-09-08
2769,9,277,140,2024-10-02
2770,10,277,183,2024-05-30
2771,1,278,108,2024-04-22
2772,2,278,152,2024-01-11
2773,3,278,0,2025-12-27
2774,4,278,181,2024-09-16
2775,5,278,79,2024-07-17
2776,6,278,60,2024-12-19
2777,7,278,7,2025-02-27
2778,8,278,64,2025-06-30
2779,9,278,91,2024-06-11
2780,10,278,81,2024-02-16
2781,1,279,198,2024-04-02
2782,2,279,34,2025-10-10
2783,3,279,169,2025-05-02
2784,4,279,112,2025-05-27
2785,5,279,37,2025-06-26
2786,6,279,122,2024-07-31
2787,7,279,59,2025-02-22
2788,8,279,195,2025-05-04
2789,9,279,174,2025-12-22
2790,10,279,91,2025-12-25
2791,1,280,19,2024-08-17
2792,2,280,128,2025-03-31
2793,3,280,154,2024-07-26
2794,4,280,173,2025-02-26
2795,5,280,14,2024-07-15
2796,6,280,52,2024-08-05
2797,7,280,43,2024-12-10
2798,8,280,43,2024-07-29
2799,9,280,75,2025-11-22
2800,10,280,4,2024-02-19
2801,1,281,71,2024-04-04
2802,2,281,69,2025-06-19
2803,3,281,146,2025-07-02
2804,4,281,192,2024-06-27
2805,5,281,133,2024-08-26
2806,6,281,47,2025-02-09
2807,7,281,100,2024-08-15
2808,8,281,91,2025-10-09
2809,9,281,136,2025-10-01
2810,10,281,137,2024-04-15
2811,1,282,101,2025-01-24
2812,2,282,193,2025-07-09
2813,3,282,62,2025-09-02
2814,4,282,29,2024-02-08
2815,5,282,15,2025-08-18
2816,6,282,166,2024-03-20
2817,7,282,193,2025-05-29
2818,8,282,191,2025-05-21
2819,9,282,29,2024-05-01
2820,10,282,175,2025-08-18
2821,1,283,127,2024-08-22
2822,2,283,3,2025-07-25
2823,3,283,63,2025-12-24
2824,4,283,23,2025-12-30
2825,5,283,187,2024-05-20
2826,6,283,12,2025-05-14
2827,7,283,2,2024-06-04
2828,8,283,55,2025-06-04
2829,9,283,66,2025-08-17
2830,10,283,86,2024-05-25
2831,1,284,156,2025-12-12
2832,2,284,53,2025-03-06
2833,3,284,84,2024-09-11
2834,4,284,133,2024-01-04
2835,5,284,8,2024-04-30
2836,6,284,28,2024-06-14
2837,7,284,152,2024-02-04
2838,8,284,21,2024-01-30
2839,9,284,7,2025-11-20
2840,10,284,107,2024-05-20
2841,1,285,51,2024-05-09
2842,2,285,44,2025-03-09
2843,3,285,39,2025-01-08
2844,4,285,161,2025-08-23
2845,5,285,0,2024-06-07
2846,6,285,134,2025-08-27
2847,7,285,119,2025-08-12
2848,8,285,93,2024-09-03
2849,9,285,138,2024-11-13
2850,10,285,114,2025-06-06
2851,1,286,165,2025-12-31
2852,2,286,20,2024-07-04
2853,3,286,0,2024-05-07
2854,4,286,147,2025-09-01
2855,5,286,7,2024-04-02
2856,6,286,154,2025-08-20
2857,7,286,67,2024-07-02
2858,8,286,58,2025-03-28
2859,9,286,147,2025-10-30
2860,10,286,81,2025-12-07
2861,1,287,94,2024-05-05
2862,2,287,87,2025-11-07
2863,3,287,199,2024-04-01
2864,4,287,63,2025-11-03
2865,5,287,99,2025-12-21
2866,6,287,193,2025-01-19
2867,7,287,43,2024-04-20
2868,8,287,136,2024-03-29
2869,9,287,15,2025-06-19
2870,10,287,153,2024-06-27
2871,1,288,169,2025-06-05
2872,2,288,37,2024-11-28
2873,3,288,16,2024-06-06
2874,4,288,153,2025-10-14
2875,5,288,105,2025-06-24
2876,6,288,17,2025-08-11
2877,7,288,165,2025-03-06
2878,8,288,86,2024-05-14
2879,9,288,121,2025-08-30
2880,10,288,164,2024-09-26
2881,1,289,79,2024-05-27
2882,2,289,163,2025-08-05
2883,3,289,157,2025-09-29
2884,4,289,13,2024-02-26
2885,5,289,74,2025-03-23
2886,6,289,19,2025-03-24
2887,7,289,108,2024-02-04
2888,8,289,31,2025-09-06
2889,9,289,4,2024-04-18
2890,10,289,90,2025-10-01
2891,1,290,62,2025-11-14
2892,2,290,137,2024-10-04
2893,3,290,85,2024-10-25
2894,4,290,4,2024-09-22
2895,5,290,108,2025-10-29
2896,6,290,198,2025-03-12
2897,7,290,136,2024-10-05
2898,8,290,37,2024-02-24
2899,9,290,105,2025-04-05
2900,10,290,67,2025-01-17
2901,1,291,66,2024-03-09
2902,2,291,146,2024-06-29
2903,3,291,12,2024-10-20
2904,4,291,185,2025-03-22
2905,5,291,113,2024-03-23
2906,6,291,177,2024-03-11
2907,7,291,68,2025-09-03
2908,8,291,118,2024-08-17
2909,9,291,162,2025-02-14
2910,10,291,74,2025-05-26
2911,1,292,97,2025-12-21
2912,2,292,116,2024-03-10
2913,3,292,86,2025-12-13
2914,4,292,66,2025-05-13
2915,5,292,178,2024-10-01
2916,6,292,95,2024-11-15
2917,7,292,40,2024-04-13
2918,8,292,177,2025-01-26
2919,9,292,156,2025-11-08
2920,10,292,53,2025-01-13
2921,1,293,157,2024-12-26
2922,2,293,69,2025-03-09
2923,3,293,134,2025-08-29
2924,4,293,126,2024-11-12
2925,5,293,162,2024-12-04
2926,6,293,138,2024-05-08
2927,7,293,33,2025-05-25
2928,8,293,108,2025-06-24
2929,9,293,115,2025-12-23
2930,10,293,24,2024-08-26
2931,1,294,126,2025-10-25
2932,2,294,33,2024-02-07
2933,3,294,53,2025-02-18
2934,4,294,194,2024-05-28
2935,5,294,140,2024-10-04
2936,6,294,66,2025-05-29
2937,7,294,9,2024-03-29
2938,8,294,55,2024-04-09
2939,9,294,81,2025-01-21
2940,10,294,199,2025-05-12
2941,1,295,189,2025-06-13
2942,2,295,194,2025-02-28
2943,3,295,198,2025-11-15
2944,4,295,181,2025-10-01
2945,5,295,158,2024-05-26
2946,6,295,145,2025-12-05
2947,7,295,193,2024-10-23
2948,8,295,1,2025-06-30
2949,9,295,5,2025-04-08
2950,10,295,24,2025-07-17
2951,1,296,137,2025-11-29
2952,2,296,60,2025-05-16
2953,3,296,56,2024-02-14
2954,4,296,17,2025-02-05
2955,5,296,196,2025-10-21
2956,6,296,162,2025-02-23
2957,7,296,95,2024-02-06
2958,8,296,45,2024-09-23
2959,9,296,180,2024-11-25
2960,10,296,47,2024-05-08
2961,1,297,179,2024-12-25
2962,2,297,186,2024-08-11
2963,3,297,44,2024-04-26
2964,4,297,17,2025-07-15
2965,5,297,183,2024-09-24
2966,6,297,42,2024-02-18
2967,7,297,71,2024-03-30
2968,8,297,52,2025-12-26
2969,9,297,91,2024-10-16
2970,10,297,159,2025-11-02
2971,1,298,29,2025-01-31
2972,2,298,145,2024-05-12
2973,3,298,63,2024-03-13
2974,4,298,103,2025-06-17
2975,5,298,119,2025-11-21
2976,6,298,117,2025-04-12
2977,7,298,7,2025-12-30
2978,8,298,17,2025-10-22
2979,9,298,180,2024-06-21
2980,10,298,72,2024-05-01
2981,1,299,110,2024-09-22
2982,2,299,18,2025-06-30
2983,3,299,158,2024-06-30
2984,4,299,200,2025-06-21
2985,5,299,34,2025-02-03
2986,6,299,144,2024-06-06
2987,7,299,89,2024-03-11
2988,8,299,165,2025-07-16
2989,9,299,136,2025-11-18
2990,10,299,119,2025-07-14
2991,1,300,161,2025-07-17
2992,2,300,49,2025-02-04
2993,3,300,70,2025-12-12
2994,4,300,39,2024-10-08
2995,5,300,173,2025-09-10
2996,6,300,168,2025-08-21
2997,7,300,129,2024-12-25
2998,8,300,195,2024-06-23
2999,9,300,103,2024-06-15
3000,10,300,142,2024-09-16
